Username,Compound Score,Negative Score,Neutral Score,Postive Score,Tweet_Date,Tweet_Text,Tweets Ago
@BBC,0.718,0.0,0.727,0.273,Mon Apr 09 17:02:07 +0000 2018,"Keep full and satisfied with these protein-filled, vegetarian dinners. 
Make double portions and save for lunch tom‚Ä¶ https://t.co/yh3RGeC5i3",0
@BBC,0.0,0.0,1.0,0.0,Mon Apr 09 16:43:45 +0000 2018,"RT @BBCScotland: The history behind #NationalUnicornDay ü¶Ñ

*may not be factually accurate* https://t.co/p44XmIXnoM",1
@BBC,0.0,0.0,1.0,0.0,Mon Apr 09 16:34:07 +0000 2018,RT @BBCTwo: Can you guess the city? #TheCityAndTheCity‚Äôs @davemorrissey64 and @MandiDhillon tried our game out for size‚Ä¶ üåÜüèôüôÉ https://t.co/U‚Ä¶,2
@BBC,0.0,0.0,1.0,0.0,Mon Apr 09 16:26:04 +0000 2018,"The latest episode of @TheSimpsons has addressed controversy surrounding Indian character Apu for the first time.
üëâ‚Ä¶ https://t.co/guqD0Pf53R",3
@BBC,0.624,0.0,0.494,0.506,Mon Apr 09 16:04:04 +0000 2018,üèÉ‚Äç‚ôÄÔ∏è‚ù§Ô∏è What a brilliant idea! https://t.co/QUVCwBptOU,4
@BBC,0.4,0.0,0.856,0.144,Mon Apr 09 15:42:30 +0000 2018,RT @BBCTheOneShow: Tonight on The One Show - @kylieminogue! üíóüíóüíóüíóüíó RT: if you're excited. #TheOneShow #KylieMinogue #Kylie https://t.co/Yten‚Ä¶,5
@BBC,0.541,0.0,0.811,0.189,Mon Apr 09 15:29:26 +0000 2018,"RT @BBCSport: What a way to save match point!

Table tennis is pure carnage.

#GC2018 #bbcgoldcoast https://t.co/1shVrSJuRn",6
@BBC,0.527,0.0,0.793,0.207,Mon Apr 09 15:07:08 +0000 2018,"üê∂‚ù§Ô∏èüòΩ
Henry and Baloo: Dog and cat travel companions gain cult following.
üëâ https://t.co/rTpxqa69Oq https://t.co/iRkQXMwnyv",7
@BBC,0.527,0.0,0.855,0.145,Mon Apr 09 14:02:03 +0000 2018,"A new campaign is encouraging people to do CPR to the tune of @The_Proclaimers' hit 'I'm Gonna Be (500 miles)'.
üëâ‚Ä¶ https://t.co/MULW1tgRPL",8
@BBC,0.44,0.0,0.707,0.293,Mon Apr 09 13:01:05 +0000 2018,"How NOT to impress Madonna...
#TheGrahamNortonShow #TGNS https://t.co/NnYS15sU9p",9
@BBC,0.0,0.0,1.0,0.0,Mon Apr 09 12:31:27 +0000 2018,RT @bbccomedy: Philomena Cunk steps on board the first ship to circumcise the globe. #CunkOnBritain @missdianemorgan https://t.co/f1oHsolPHe,10
@BBC,0.0,0.0,1.0,0.0,Mon Apr 09 12:28:16 +0000 2018,"üå≠üê∂ Over 1,500 people turned up to this mass sausage dog walk in Manchester yesterday. https://t.co/6fscMy6eZ7",11
@BBC,0.34,0.0,0.888,0.112,Mon Apr 09 12:14:30 +0000 2018,"RT @bbcsoutheast: You don't have to be married to take part in ""wife-carrying"". Fancy giving it a go? #Dorking #wifecarrying #wifecarryingu‚Ä¶",12
@BBC,0.67,0.0,0.792,0.208,Mon Apr 09 12:12:54 +0000 2018,"RT @BBCnireland: As the days get longer, here are some #TightShorts tips on creating that naturally flawless, 'don't get seen, blend into t‚Ä¶",13
@BBC,0.0,0.0,1.0,0.0,Mon Apr 09 12:02:02 +0000 2018,Flipping the script on dyslexia. https://t.co/rW1FLygX9V,14
@BBC,0.0,0.0,1.0,0.0,Mon Apr 09 11:50:07 +0000 2018,"RT @bbcthesocial: This is how homophobia feels in 2018.

#TimeForLove https://t.co/dHfsvt94Nz",15
@BBC,-0.202,0.098,0.833,0.068,Mon Apr 09 11:27:01 +0000 2018,RT @BBCFOUR: How do you cope with stage fright when you're working at music's top level? Listen to the new #BBCYoungMusician podcast with @‚Ä¶,16
@BBC,0.676,0.083,0.649,0.268,Mon Apr 09 11:16:03 +0000 2018,"Love hurts, but this is a step too far...

üíç People are getting finger piercings instead of engagement rings.
üëâ‚Ä¶ https://t.co/eargluPvnC",17
@BBC,0.0,0.0,1.0,0.0,Mon Apr 09 10:41:24 +0000 2018,"üò¥üêª When the weather is so cold that you can't bear to get up. 
#MondayMorning https://t.co/JhfqRhL5fQ",18
@BBC,0.0,0.0,1.0,0.0,Mon Apr 09 08:56:59 +0000 2018,RT @BBCTwo: Every Saga must come to an end... #TheBridge https://t.co/YNyeMUM8A2,19
@BBC,0.718,0.0,0.727,0.273,Mon Apr 09 17:02:07 +0000 2018,"Keep full and satisfied with these protein-filled, vegetarian dinners. 
Make double portions and save for lunch tom‚Ä¶ https://t.co/yh3RGeC5i3",20
@BBC,0.0,0.0,1.0,0.0,Mon Apr 09 16:43:45 +0000 2018,"RT @BBCScotland: The history behind #NationalUnicornDay ü¶Ñ

*may not be factually accurate* https://t.co/p44XmIXnoM",21
@BBC,0.0,0.0,1.0,0.0,Mon Apr 09 16:34:07 +0000 2018,RT @BBCTwo: Can you guess the city? #TheCityAndTheCity‚Äôs @davemorrissey64 and @MandiDhillon tried our game out for size‚Ä¶ üåÜüèôüôÉ https://t.co/U‚Ä¶,22
@BBC,0.0,0.0,1.0,0.0,Mon Apr 09 16:26:04 +0000 2018,"The latest episode of @TheSimpsons has addressed controversy surrounding Indian character Apu for the first time.
üëâ‚Ä¶ https://t.co/guqD0Pf53R",23
@BBC,0.624,0.0,0.494,0.506,Mon Apr 09 16:04:04 +0000 2018,üèÉ‚Äç‚ôÄÔ∏è‚ù§Ô∏è What a brilliant idea! https://t.co/QUVCwBptOU,24
@BBC,0.4,0.0,0.856,0.144,Mon Apr 09 15:42:30 +0000 2018,RT @BBCTheOneShow: Tonight on The One Show - @kylieminogue! üíóüíóüíóüíóüíó RT: if you're excited. #TheOneShow #KylieMinogue #Kylie https://t.co/Yten‚Ä¶,25
@BBC,0.541,0.0,0.811,0.189,Mon Apr 09 15:29:26 +0000 2018,"RT @BBCSport: What a way to save match point!

Table tennis is pure carnage.

#GC2018 #bbcgoldcoast https://t.co/1shVrSJuRn",26
@BBC,0.527,0.0,0.793,0.207,Mon Apr 09 15:07:08 +0000 2018,"üê∂‚ù§Ô∏èüòΩ
Henry and Baloo: Dog and cat travel companions gain cult following.
üëâ https://t.co/rTpxqa69Oq https://t.co/iRkQXMwnyv",27
@BBC,0.527,0.0,0.855,0.145,Mon Apr 09 14:02:03 +0000 2018,"A new campaign is encouraging people to do CPR to the tune of @The_Proclaimers' hit 'I'm Gonna Be (500 miles)'.
üëâ‚Ä¶ https://t.co/MULW1tgRPL",28
@BBC,0.44,0.0,0.707,0.293,Mon Apr 09 13:01:05 +0000 2018,"How NOT to impress Madonna...
#TheGrahamNortonShow #TGNS https://t.co/NnYS15sU9p",29
@BBC,0.0,0.0,1.0,0.0,Mon Apr 09 12:31:27 +0000 2018,RT @bbccomedy: Philomena Cunk steps on board the first ship to circumcise the globe. #CunkOnBritain @missdianemorgan https://t.co/f1oHsolPHe,30
@BBC,0.0,0.0,1.0,0.0,Mon Apr 09 12:28:16 +0000 2018,"üå≠üê∂ Over 1,500 people turned up to this mass sausage dog walk in Manchester yesterday. https://t.co/6fscMy6eZ7",31
@BBC,0.34,0.0,0.888,0.112,Mon Apr 09 12:14:30 +0000 2018,"RT @bbcsoutheast: You don't have to be married to take part in ""wife-carrying"". Fancy giving it a go? #Dorking #wifecarrying #wifecarryingu‚Ä¶",32
@BBC,0.67,0.0,0.792,0.208,Mon Apr 09 12:12:54 +0000 2018,"RT @BBCnireland: As the days get longer, here are some #TightShorts tips on creating that naturally flawless, 'don't get seen, blend into t‚Ä¶",33
@BBC,0.0,0.0,1.0,0.0,Mon Apr 09 12:02:02 +0000 2018,Flipping the script on dyslexia. https://t.co/rW1FLygX9V,34
@BBC,0.0,0.0,1.0,0.0,Mon Apr 09 11:50:07 +0000 2018,"RT @bbcthesocial: This is how homophobia feels in 2018.

#TimeForLove https://t.co/dHfsvt94Nz",35
@BBC,-0.202,0.098,0.833,0.068,Mon Apr 09 11:27:01 +0000 2018,RT @BBCFOUR: How do you cope with stage fright when you're working at music's top level? Listen to the new #BBCYoungMusician podcast with @‚Ä¶,36
@BBC,0.676,0.083,0.649,0.268,Mon Apr 09 11:16:03 +0000 2018,"Love hurts, but this is a step too far...

üíç People are getting finger piercings instead of engagement rings.
üëâ‚Ä¶ https://t.co/eargluPvnC",37
@BBC,0.0,0.0,1.0,0.0,Mon Apr 09 10:41:24 +0000 2018,"üò¥üêª When the weather is so cold that you can't bear to get up. 
#MondayMorning https://t.co/JhfqRhL5fQ",38
@BBC,0.0,0.0,1.0,0.0,Mon Apr 09 08:56:59 +0000 2018,RT @BBCTwo: Every Saga must come to an end... #TheBridge https://t.co/YNyeMUM8A2,39
@BBC,-0.325,0.109,0.891,0.0,Mon Apr 09 08:40:53 +0000 2018,"RT @BBCRadio4: ""If a ¬£100 coat is half price, and you buy it, you haven't saved ¬£50 you've spent ¬£50.""
https://t.co/yKrYlW9jf6",40
@BBC,0.0,0.0,1.0,0.0,Mon Apr 09 08:01:01 +0000 2018,"üò≤üöÇ Hop onboard the train that (somehow) squeezes through a crowded market near Bangkok, eight times a day! https://t.co/htvLHtJdPH",41
@BBC,-0.318,0.103,0.897,0.0,Mon Apr 09 07:27:04 +0000 2018,"The story of why the Roman Baths developed, how they were lost for many centuries and how they were rediscovered.‚Ä¶ https://t.co/zEzPchOgPO",42
@BBC,0.0,0.0,1.0,0.0,Mon Apr 09 07:00:14 +0000 2018,üè• How can #3DPrinting be of use in surgery? https://t.co/3LQkXMMHwo,43
@BBC,0.0,0.0,1.0,0.0,Sun Apr 08 19:02:05 +0000 2018,"üò∫üí¶ This is Maya the jaguar's very first swim!  
#BigCatsAboutTheHouse https://t.co/IacZP3ltf3",44
@BBC,0.494,0.0,0.686,0.314,Sun Apr 08 18:03:03 +0000 2018,üòÇ Need a hand getting the kids to bed? https://t.co/JAUkyoVSA8,45
@BBC,0.25,0.088,0.765,0.147,Sun Apr 08 17:25:08 +0000 2018,"'Silencing masks' and 'wife auctions': What life used to be like for women. 
üëâ https://t.co/7Z1bcXKgOx https://t.co/gzm7Hf3loH",46
@BBC,0.0,0.0,1.0,0.0,Sun Apr 08 17:07:02 +0000 2018,"ü¶ñüòÇ Philomena Cunk examines the barbaric conditions in which we keep today's dinosaurs.
#CunkOnBritain  https://t.co/nBav5dqh7a",47
@BBC,0.0,0.0,1.0,0.0,Sun Apr 08 16:40:55 +0000 2018,"RT @bbcgetinspired: Meet Sue...

She is planning to run the 2018 @LondonMarathon to prove someone with vascular dementia can do it. üôå

‚û° ht‚Ä¶",48
@BBC,-0.226,0.106,0.894,0.0,Sun Apr 08 16:07:03 +0000 2018,üé® Victoria Lomasko is a Russian graphic artist who's travelled up and down her country painting 'forgotten women'. https://t.co/XtlpBlAYb0,49
@BBC,0.0,0.0,1.0,0.0,Sun Apr 08 15:31:00 +0000 2018,"üé∂ The search for the next Young Musician has begun, and the first @BBCYoungMus semi-finalist of 2018 has been confi‚Ä¶ https://t.co/klUA4GWtb0",50
@BBC,0.0,0.0,1.0,0.0,Sun Apr 08 15:11:04 +0000 2018,"'If boys are getting diagnosed with autism, girls need exactly the same.' https://t.co/f7Aft0LWwB",51
@BBC,-0.202,0.189,0.811,0.0,Sun Apr 08 13:54:07 +0000 2018,üíÉüï∫ Meet the kids cutting some serious shapes on the streets of Lagos. https://t.co/3ySZPqua01,52
@BBC,0.875,0.0,0.607,0.393,Sun Apr 08 13:23:39 +0000 2018,"RT @BBCSport: What a nice surprise üòçüíç

Two of @TeamEngland 's basketball players got engaged on court at the Commonwealths. 

Congrats @Jam‚Ä¶",53
@BBC,0.273,0.0,0.488,0.512,Sun Apr 08 13:03:04 +0000 2018,üòÇ 'Surprise me'. https://t.co/Jo7illTafh,54
@BBC,-0.077,0.064,0.936,0.0,Sun Apr 08 11:00:15 +0000 2018,"When doctors found a large tumour on little Poppy‚Äôs brain, her parents faced one of the toughest decisions of their‚Ä¶ https://t.co/MGM0dpxlFH",55
@BBC,0.586,0.0,0.787,0.213,Sun Apr 08 10:15:06 +0000 2018,"RT @BBCSport: Beauty queen ‚úÖ
Commonwealth Games weightlifting silver medallist ‚úÖ

Introducing Sarah Davies...

#GC2018 #bbcgoldcoast https:‚Ä¶",56
@BBC,0.382,0.0,0.88,0.12,Sun Apr 08 10:01:07 +0000 2018,"From Ordeal by Innocence to the return of The Handmaid‚Äôs Tale, here are @BBC_Culture's pick of programmes to watch‚Ä¶ https://t.co/Q6S34uv5LX",57
@BBC,0.0,0.0,1.0,0.0,Sun Apr 08 09:08:02 +0000 2018,"ü¶çüí¨ Not only can Koko the gorilla use sign language, she also appears to have learnt to lie...

https://t.co/xXZwlLDLJh",58
@BBC,0.0,0.0,1.0,0.0,Sun Apr 08 08:17:18 +0000 2018,RT @BBCOne: .@johnkrasinski's got MOVES. #TheGrahamNortonShow #TGNS https://t.co/2HUMM0ixEW,59
@BBC,0.637,0.0,0.792,0.208,Sun Apr 08 08:08:07 +0000 2018,"Football, volleyball AND martial arts? Ô∏è‚öΩÔ∏èü•ãü§î

Sepak Takraw is the best sport you've never heard of... 

https://t.co/ngTwJHEmrI",60
@BBC,0.361,0.0,0.783,0.217,Sun Apr 08 07:02:06 +0000 2018,üê≥ Meet the gargantuan air freighter that looks like a whale. https://t.co/7DPUt8okKU,61
@BBC,0.572,0.0,0.748,0.252,Sat Apr 07 18:00:22 +0000 2018,‚ù§Ô∏èüé∂ @NiallOfficial's Live Lounge cover of @JuliaMichaels' Issues is just perfect.  https://t.co/XpsnR29hPU,62
@BBC,0.0,0.0,1.0,0.0,Sat Apr 07 17:19:26 +0000 2018,"RT @CBeebiesHQ: Goodnight @ChrisEvans,üåô 

Chris reads Goodnight Goodnight Construction site tonight. üèóÔ∏è 

#BedtimeStory is at 6:50pm üò¥üí§ htt‚Ä¶",63
@BBC,-0.727,0.405,0.523,0.072,Sat Apr 07 17:04:03 +0000 2018,ü¶Åüò¢ Lions are often poisoned to prevent them attacking livestock. https://t.co/254nhtlMW5,64
@BBC,0.652,0.0,0.581,0.419,Sat Apr 07 16:00:23 +0000 2018,"üò≤ Some VERY impressive maths here. 
#UniversityChallenge https://t.co/crvQQ5V3Vn",65
@BBC,0.691,0.0,0.759,0.241,Sat Apr 07 15:01:03 +0000 2018,Doctors are finding one way that sugar can benefit your health - it may help heal wounds resistant to antibiotics.‚Ä¶ https://t.co/zI9pN0zSVo,66
@BBC,0.0,0.0,1.0,0.0,Sat Apr 07 14:33:46 +0000 2018,"RT @BBCRadio2: ""The clunk of putting the cassette in, snapping it shut... oh wait I'm going to rewind to get to the start of the song. It's‚Ä¶",67
@BBC,0.0,0.0,1.0,0.0,Sat Apr 07 14:00:31 +0000 2018,"üåéüì∏ Our pick of the most striking news photographs taken around the world recently.
üëâ https://t.co/zPpuZq9hOC https://t.co/fYUTrG44Ra",68
@BBC,-0.572,0.222,0.778,0.0,Sat Apr 07 13:00:20 +0000 2018,How did this new mum survive in the chaos that followed Hurricane Maria? https://t.co/Nx7uFz1k56,69
@BBC,-0.296,0.154,0.748,0.098,Sat Apr 07 12:07:08 +0000 2018,"For Dr Joel Salinas, music creates colours, numbers have personalities and another person's pain feels almost like‚Ä¶ https://t.co/lrGhiKBaGZ",70
@BBC,0.0,0.0,1.0,0.0,Sat Apr 07 11:19:19 +0000 2018,"RT @bbcthree: 94-year-old Judo Jack says: ""Get off your butt and do something."" https://t.co/M9CzCtwSqe",71
@BBC,0.0,0.0,1.0,0.0,Sat Apr 07 11:00:57 +0000 2018,RT @BBCR1: It's been one whole year of Sign Of The Times and we need to know whether @Harry_Styles finally let Chris Martin be head of his‚Ä¶,72
@BBC,0.69,0.0,0.749,0.251,Sat Apr 07 11:00:18 +0000 2018,"What an inspiration! üí™ 

‚ù§Ô∏è Fraser shed the pounds to pursue his wrestling dream, in memory of his mother. https://t.co/LWmuGo6dTN",73
@BBC,0.0,0.0,1.0,0.0,Sat Apr 07 10:26:52 +0000 2018,"RT @BBCSport: It's a historic victory for Uganda! üôå 

Earlier today they recorded their first ever victory at the Commonwealth games with a‚Ä¶",74
@BBC,0.0,0.0,1.0,0.0,Sat Apr 07 10:05:06 +0000 2018,üçìüçí Did you know that cherries and strawberries represented the souls of men? Or that a dragonfly could be the devil‚Ä¶ https://t.co/s9rFhv5wlu,75
@BBC,-0.866,0.363,0.637,0.0,Sat Apr 07 09:00:12 +0000 2018,"Losing your hair whilst going through cancer treatment can be distressing. 

This shop decided to try and do someth‚Ä¶ https://t.co/mcOgFrRtdq",76
@BBC,0.0,0.0,1.0,0.0,Sat Apr 07 08:00:16 +0000 2018,üóëü§ñ This trash collecting robot can be controlled by anyone via the internet. https://t.co/N2gbeP2nIo,77
@BBC,0.34,0.0,0.906,0.094,Sat Apr 07 07:54:05 +0000 2018,"RT @bbcgetinspired: 'Women don't just stay at home and look after the kids, we don't just do dance or gymnastics, we play tennis, football‚Ä¶",78
@BBC,0.459,0.0,0.769,0.231,Sat Apr 07 07:03:06 +0000 2018,üòçüêø These baby red squirrels are too cute to handle. https://t.co/d2r7c8EyUh,79
@BBC,0.0,0.0,1.0,0.0,Fri Apr 06 19:48:37 +0000 2018,"RT @bbcmusic: Jade, this was INCREDIBLE üòç
#SoundsLikeFridayNight https://t.co/rSGnYVTFYu",80
@BBC,0.0,0.0,1.0,0.0,Fri Apr 06 18:07:07 +0000 2018,ü§î Modern life is a mystery. https://t.co/a4817Iugzz,81
@BBC,0.0,0.0,1.0,0.0,Fri Apr 06 17:32:05 +0000 2018,"Tune in to #SLFN tonight for performances from @snowpatrol, @Meghan_Trainor, @yearsandyears and @halsey. üé∂üé§üéâ

Sound‚Ä¶ https://t.co/EFjiBk5upm",82
@BBC,0.0,0.0,1.0,0.0,Fri Apr 06 16:13:08 +0000 2018,RT @bbcpointswest: ü§© Prince Harry and Meghan Markle arrive in Bath for the Invictus Games trials ü§© https://t.co/ywlHvaHt2z,83
@BBC,-0.153,0.124,0.78,0.096,Fri Apr 06 16:08:04 +0000 2018,"üòÇ If you're going to get dumped on TV, it might as well be via @KylieMinogue. 

#TheGNShow | 10.35pm | @BBCOne https://t.co/CgfsjKjeob",84
@BBC,-0.778,0.332,0.621,0.047,Fri Apr 06 16:02:36 +0000 2018,"RT @BBCNewsround: Ever wondered why we cry when we chop onions? Now you'll have no excuse to avoid cooking dinner, sorry! üòÇhttps://t.co/SyX‚Ä¶",85
@BBC,0.604,0.0,0.64,0.36,Fri Apr 06 15:23:45 +0000 2018,"RT @BBCOne: MY OLD FRIEND.

#OrdealByInnocence #Sunshine https://t.co/vQBvcgLrCe",86
@BBC,0.813,0.0,0.72,0.28,Fri Apr 06 15:22:01 +0000 2018,"üéª Two years ago @ShekuKM won @BBCYoungMus. 
Now he wants to inspire other young people to pick up an instrument too‚Ä¶ https://t.co/fG0F3x2eDN",87
@BBC,0.0,0.0,1.0,0.0,Fri Apr 06 15:20:18 +0000 2018,"RT @bbcgetinspired: She's only 11 years old, but @sport_wales' Anna Hursey is smashing it at #GC2018! üôå 

‚û° https://t.co/9sFYGzsgnQ #GetIns‚Ä¶",88
@BBC,0.0,0.0,1.0,0.0,Fri Apr 06 15:02:33 +0000 2018,RT @bbcmusic: Counting down the seconds TBH üíÖ@LittleMix https://t.co/6UTrz9gqQr,89
@BBC,0.55,0.282,0.332,0.385,Fri Apr 06 15:02:05 +0000 2018,üçûüçª Hate food waste but love beer? https://t.co/IL9jmlaMjs,90
@BBC,-0.585,0.31,0.559,0.13,Fri Apr 06 14:30:39 +0000 2018,"RT @BBCRadio3: ""Stop being so selfish ‚Äì this isn‚Äôt about you."" Harsh words - or tough love?
Zeynep, Jess and Sam discuss one teacher‚Äôs cont‚Ä¶",91
@BBC,0.0,0.0,1.0,0.0,Fri Apr 06 14:07:06 +0000 2018,"üêò ü¶èü¶íüî≠
Saving animals using space technology. https://t.co/gAwJcD2I2A",92
@BBC,-0.422,0.171,0.741,0.088,Fri Apr 06 13:02:05 +0000 2018,"üçøüéü From a near-silent horror film to an Australian Western, here are 8 movies worth watching in April. 
üëâ‚Ä¶ https://t.co/b15kbsQ7MD",93
@BBC,0.0,0.0,1.0,0.0,Fri Apr 06 12:18:09 +0000 2018,RT @BBCOne: For all the drama queens. üëë https://t.co/RfdMDieaCZ,94
@BBC,0.202,0.0,0.899,0.101,Fri Apr 06 12:03:05 +0000 2018,üíÉüï∫ Meet the dancers from Lagos who've been tipped for the top by @Rihanna and @NaomiCampbell. https://t.co/3ySZPqcyBr,95
@BBC,0.862,0.0,0.689,0.311,Fri Apr 06 11:32:15 +0000 2018,"RT @BBCSport: Gareth Evans absolutely loved it! üí™ 

This is how it felt to win Wales' first gold! ü•áüè¥Û†ÅßÛ†Å¢Û†Å∑Û†Å¨Û†Å≥Û†Åø

#GC2018 #bbcgoldcoast https://t‚Ä¶",96
@BBC,0.0,0.0,1.0,0.0,Fri Apr 06 11:00:06 +0000 2018,"ü¶Åü¶èüêÜ 
Royal pets are now more synonymous with corgis than wild animals, but historically monarchs would own an array‚Ä¶ https://t.co/5VVyiWHPv1",97
@BBC,0.0,0.0,1.0,0.0,Fri Apr 06 10:10:03 +0000 2018,"üòª Say hello to Willow the cheetah! 
#BigCatsAboutTheHouse https://t.co/e9xNVjR0gi",98
@BBC,0.0,0.0,1.0,0.0,Fri Apr 06 08:58:33 +0000 2018,RT @BBCSport: It all happened in the weightlifting... #GC2018 https://t.co/s8qnPsuyaz,99
@CBS,0.0,0.0,1.0,0.0,Mon Apr 09 17:29:47 +0000 2018,"@edsheeran, @KeshaRose, @HaileeSteinfeld, @ActuallyNPH, and many more describe the impact that the music of Elton J‚Ä¶ https://t.co/wBwzWcWGAa",0
@CBS,0.0,0.0,1.0,0.0,Mon Apr 09 17:00:02 +0000 2018,"Lights will come on for @Jason_Aldean when he takes the stage to perform at the 53rd #ACMawards on Sunday, April 15‚Ä¶ https://t.co/qPAbrFp4kQ",1
@CBS,0.273,0.086,0.784,0.129,Mon Apr 09 15:00:00 +0000 2018,Which state does @reba call home and which song was her first No. 1 single? Test your knowledge of the beloved coun‚Ä¶ https://t.co/Sp8icKpFNu,2
@CBS,0.624,0.0,0.786,0.214,Mon Apr 09 13:36:00 +0000 2018,This just in! Thirteen-time ACM Award¬Æ winner @carrieunderwood will be performing her soon-to-be-released single li‚Ä¶ https://t.co/GEyjt4lFbb,3
@CBS,0.647,0.0,0.72,0.28,Mon Apr 09 01:42:06 +0000 2018,It's time to celebrate! @MomCBS will be back for Season 6! https://t.co/ianxp6JWHq,4
@CBS,0.71,0.0,0.742,0.258,Sun Apr 08 22:00:01 +0000 2018,@OldDominion's Matthew Ramsey is here with a friendly reminder - Country Music‚Äôs Party Of The Year¬Æ is just seven d‚Ä¶ https://t.co/SFnXxQLoPN,5
@CBS,0.556,0.0,0.854,0.146,Sun Apr 08 18:38:13 +0000 2018,It all comes down to this! Stream Round 4 of #TheMasters Tournament on CBS live with a free trial of CBS All Access‚Ä¶ https://t.co/mNFSAUkLvZ,6
@CBS,0.42,0.0,0.892,0.108,Sun Apr 08 15:00:00 +0000 2018,"@reba is ready for her hosting duties! In just one week, watch her take the stage at the 53rd #ACMawards. Tune in A‚Ä¶ https://t.co/TmjezmqPme",7
@CBS,0.67,0.0,0.817,0.183,Sat Apr 07 19:35:08 +0000 2018,Watch some of the biggest names in golf compete in one of the greatest tournaments of the year! Stream #TheMasters‚Ä¶ https://t.co/e8kbkSLx5k,8
@CBS,0.0,0.0,1.0,0.0,Sat Apr 07 18:28:03 +0000 2018,Tonight's the night! Here's a behind-the-scenes look at season 2 of @RansomCBS before the big premiere. Tune in at‚Ä¶ https://t.co/WtRHvufO7H,9
@CBS,0.361,0.0,0.894,0.106,Sat Apr 07 16:30:02 +0000 2018,What song will @DierksBentley belt out when he takes the stage to perform at the 53rd #ACMawards? Get ready to sing‚Ä¶ https://t.co/oEtKJnKQVn,10
@CBS,0.0,0.0,1.0,0.0,Sat Apr 07 15:31:12 +0000 2018,"@johnlegend, @mirandalambert, @KeshaRose, and more perform @eltonofficial's hit songs! Watch Elton John: I'm Still‚Ä¶ https://t.co/VF3hf8OCT7",11
@CBS,0.0,0.0,1.0,0.0,Fri Apr 06 21:10:18 +0000 2018,Ask 53rd ACM Awards¬Æ host @reba a question and she just may answer it on April 11 at 5:30p ET/2:30p PT when she tak‚Ä¶ https://t.co/DAa5gQS8oX,12
@CBS,0.0,0.0,1.0,0.0,Fri Apr 06 17:00:00 +0000 2018,What‚Äôs @eltonofficial's birth name and which of his songs holds the record for biggest selling single of all time?‚Ä¶ https://t.co/N5qkMYCE7e,13
@CBS,0.0,0.0,1.0,0.0,Fri Apr 06 13:45:00 +0000 2018,Do you have a question for country music legend and host of the 53rd ACM Awards¬Æ @reba? Write it below for a chance‚Ä¶ https://t.co/yVVDVFpxDM,14
@CBS,0.586,0.0,0.806,0.194,Thu Apr 05 21:44:00 +0000 2018,How well do you know The Academy of Country Music Awards‚Ñ¢? Test your knowledge of Country Music‚Äôs Party of the Year‚Ä¶ https://t.co/lfWAcvAbZa,15
@CBS,0.66,0.0,0.759,0.241,Thu Apr 05 19:07:48 +0000 2018,"RT @CodeBlackCBS: The intensity and emotions of your favorite show are returning to @CBS in 3 weeks.

Get excited. https://t.co/aGUNIPwRjh",16
@CBS,-0.388,0.157,0.769,0.074,Thu Apr 05 17:00:00 +0000 2018,"Don't miss @littlebigtown's amazing performance of @eltonofficial's ""Rocket Man"" under the big spotlight at Elton J‚Ä¶ https://t.co/bqse7nhkV3",17
@CBS,0.807,0.0,0.687,0.313,Wed Apr 04 22:07:01 +0000 2018,Today's biggest stars are celebrating @EltonJohn's most beloved and legendary catalogue of hits with two albums dro‚Ä¶ https://t.co/cilUdkKtjQ,18
@CBS,0.757,0.0,0.712,0.288,Wed Apr 04 21:48:07 +0000 2018,"RT @LifeInPiecesCBS: We ""literally can't even"" with how hilarious these #LifeInPieces outtakes are! üòÇ

Introducing Laughing To Pieces! Foll‚Ä¶",19
@CBS,0.0,0.0,1.0,0.0,Mon Apr 09 17:29:47 +0000 2018,"@edsheeran, @KeshaRose, @HaileeSteinfeld, @ActuallyNPH, and many more describe the impact that the music of Elton J‚Ä¶ https://t.co/wBwzWcWGAa",20
@CBS,0.0,0.0,1.0,0.0,Mon Apr 09 17:00:02 +0000 2018,"Lights will come on for @Jason_Aldean when he takes the stage to perform at the 53rd #ACMawards on Sunday, April 15‚Ä¶ https://t.co/qPAbrFp4kQ",21
@CBS,0.273,0.086,0.784,0.129,Mon Apr 09 15:00:00 +0000 2018,Which state does @reba call home and which song was her first No. 1 single? Test your knowledge of the beloved coun‚Ä¶ https://t.co/Sp8icKpFNu,22
@CBS,0.624,0.0,0.786,0.214,Mon Apr 09 13:36:00 +0000 2018,This just in! Thirteen-time ACM Award¬Æ winner @carrieunderwood will be performing her soon-to-be-released single li‚Ä¶ https://t.co/GEyjt4lFbb,23
@CBS,0.647,0.0,0.72,0.28,Mon Apr 09 01:42:06 +0000 2018,It's time to celebrate! @MomCBS will be back for Season 6! https://t.co/ianxp6JWHq,24
@CBS,0.71,0.0,0.742,0.258,Sun Apr 08 22:00:01 +0000 2018,@OldDominion's Matthew Ramsey is here with a friendly reminder - Country Music‚Äôs Party Of The Year¬Æ is just seven d‚Ä¶ https://t.co/SFnXxQLoPN,25
@CBS,0.556,0.0,0.854,0.146,Sun Apr 08 18:38:13 +0000 2018,It all comes down to this! Stream Round 4 of #TheMasters Tournament on CBS live with a free trial of CBS All Access‚Ä¶ https://t.co/mNFSAUkLvZ,26
@CBS,0.42,0.0,0.892,0.108,Sun Apr 08 15:00:00 +0000 2018,"@reba is ready for her hosting duties! In just one week, watch her take the stage at the 53rd #ACMawards. Tune in A‚Ä¶ https://t.co/TmjezmqPme",27
@CBS,0.67,0.0,0.817,0.183,Sat Apr 07 19:35:08 +0000 2018,Watch some of the biggest names in golf compete in one of the greatest tournaments of the year! Stream #TheMasters‚Ä¶ https://t.co/e8kbkSLx5k,28
@CBS,0.0,0.0,1.0,0.0,Sat Apr 07 18:28:03 +0000 2018,Tonight's the night! Here's a behind-the-scenes look at season 2 of @RansomCBS before the big premiere. Tune in at‚Ä¶ https://t.co/WtRHvufO7H,29
@CBS,0.361,0.0,0.894,0.106,Sat Apr 07 16:30:02 +0000 2018,What song will @DierksBentley belt out when he takes the stage to perform at the 53rd #ACMawards? Get ready to sing‚Ä¶ https://t.co/oEtKJnKQVn,30
@CBS,0.0,0.0,1.0,0.0,Sat Apr 07 15:31:12 +0000 2018,"@johnlegend, @mirandalambert, @KeshaRose, and more perform @eltonofficial's hit songs! Watch Elton John: I'm Still‚Ä¶ https://t.co/VF3hf8OCT7",31
@CBS,0.0,0.0,1.0,0.0,Fri Apr 06 21:10:18 +0000 2018,Ask 53rd ACM Awards¬Æ host @reba a question and she just may answer it on April 11 at 5:30p ET/2:30p PT when she tak‚Ä¶ https://t.co/DAa5gQS8oX,32
@CBS,0.0,0.0,1.0,0.0,Fri Apr 06 17:00:00 +0000 2018,What‚Äôs @eltonofficial's birth name and which of his songs holds the record for biggest selling single of all time?‚Ä¶ https://t.co/N5qkMYCE7e,33
@CBS,0.0,0.0,1.0,0.0,Fri Apr 06 13:45:00 +0000 2018,Do you have a question for country music legend and host of the 53rd ACM Awards¬Æ @reba? Write it below for a chance‚Ä¶ https://t.co/yVVDVFpxDM,34
@CBS,0.586,0.0,0.806,0.194,Thu Apr 05 21:44:00 +0000 2018,How well do you know The Academy of Country Music Awards‚Ñ¢? Test your knowledge of Country Music‚Äôs Party of the Year‚Ä¶ https://t.co/lfWAcvAbZa,35
@CBS,0.66,0.0,0.759,0.241,Thu Apr 05 19:07:48 +0000 2018,"RT @CodeBlackCBS: The intensity and emotions of your favorite show are returning to @CBS in 3 weeks.

Get excited. https://t.co/aGUNIPwRjh",36
@CBS,-0.388,0.157,0.769,0.074,Thu Apr 05 17:00:00 +0000 2018,"Don't miss @littlebigtown's amazing performance of @eltonofficial's ""Rocket Man"" under the big spotlight at Elton J‚Ä¶ https://t.co/bqse7nhkV3",37
@CBS,0.807,0.0,0.687,0.313,Wed Apr 04 22:07:01 +0000 2018,Today's biggest stars are celebrating @EltonJohn's most beloved and legendary catalogue of hits with two albums dro‚Ä¶ https://t.co/cilUdkKtjQ,38
@CBS,0.757,0.0,0.712,0.288,Wed Apr 04 21:48:07 +0000 2018,"RT @LifeInPiecesCBS: We ""literally can't even"" with how hilarious these #LifeInPieces outtakes are! üòÇ

Introducing Laughing To Pieces! Foll‚Ä¶",39
@CBS,0.85,0.0,0.634,0.366,Wed Apr 04 21:47:26 +0000 2018,"RT @YoungSheldon: Don't miss guest star @Followtheblonde in tomorrow's all-new #YoungSheldon! Trust us, you're going to love every minute.‚Ä¶",40
@CBS,0.493,0.0,0.803,0.197,Wed Apr 04 21:46:13 +0000 2018,RT @MomCBS: Tomorrow's episode of #Mom is going to be a doggone good one! https://t.co/e1WI3uOxVg,41
@CBS,-0.318,0.095,0.905,0.0,Wed Apr 04 21:44:17 +0000 2018,RT @survivorcbs: There's a lot at stake when competing for actual steak. Get a glimpse at an all-new #Survivor: Ghost Island at 8/7c on CBS‚Ä¶,42
@CBS,-0.25,0.133,0.867,0.0,Wed Apr 04 18:02:13 +0000 2018,RT @TVLine: #LifeInPieces Sneak Peek: Sophia and Her Stuffed Toys Stage a Musical¬†Protest https://t.co/r16SLZlZPc,43
@CBS,0.0,0.0,1.0,0.0,Tue Apr 03 23:00:00 +0000 2018,Whose catchy tune will take Song Of The Year at the 53rd #ACMawards? Give it up for the four nominees -‚Ä¶ https://t.co/R9MtUNZtsw,44
@CBS,0.0,0.0,1.0,0.0,Tue Apr 03 21:00:02 +0000 2018,"Here's everything you need to know before tuning into Elton John: I'm Still Standing - A GRAMMY¬Æ Salute on Tuesday,‚Ä¶ https://t.co/C8fiKl4j98",45
@CBS,0.71,0.0,0.742,0.258,Tue Apr 03 18:00:00 +0000 2018,"In just one week, @eltonofficial and today's hottest stars in music will join together to celebrate Elton's countle‚Ä¶ https://t.co/ACQGHNWz8u",46
@CBS,0.791,0.0,0.579,0.421,Tue Apr 03 05:17:01 +0000 2018,Tonight we #LightItUpBlue for greater understanding and acceptance. CBS supports #WorldAutismAwarenessDay by lighti‚Ä¶ https://t.co/hBAXcDvP4r,47
@CBS,0.151,0.092,0.792,0.116,Mon Apr 02 17:30:00 +0000 2018,No one does it quite like @eltonofficial. The artist himself will belt out some of his chart-topping hits on Elton‚Ä¶ https://t.co/ckY4bUvTXI,48
@CBS,0.649,0.0,0.798,0.202,Sun Apr 01 17:00:03 +0000 2018,The Las Vegas strip is about to light up brighter than ever before when Country Music‚Äôs Party Of The Year¬Æ takes ov‚Ä¶ https://t.co/j1A2ZVHAoO,49
@CBS,0.0,0.0,1.0,0.0,Sat Mar 31 18:00:00 +0000 2018,"‚ÄúIf you don‚Äôt do something about it, then who are you? ‚Ä¶ It can happen to anyone.‚Äù - @aplusk 

Tonight at 10/9c, a‚Ä¶ https://t.co/EQabNc1UZI",50
@CBS,0.42,0.0,0.887,0.113,Sat Mar 31 15:30:00 +0000 2018,Give it up for @KelseaBallerini! This star is one of the Female Vocalist Of The Year nominees and she's ready to ta‚Ä¶ https://t.co/wLyHwkEGs2,51
@CBS,0.493,0.0,0.873,0.127,Fri Mar 30 16:50:00 +0000 2018,Take and post a photo of the woman in your life who inspires you! The photo should only have one person against a n‚Ä¶ https://t.co/BHdxXlWfKP,52
@CBS,0.0,0.0,1.0,0.0,Thu Mar 29 17:32:40 +0000 2018,"Expect epic performances by @kanebrown , @kelly_clarkson, @OfficialJackson, and more at this year's 53rd #ACMawards‚Ä¶ https://t.co/3yso7Z0cjv",53
@CBS,0.0,0.0,1.0,0.0,Thu Mar 29 17:30:02 +0000 2018,"Will @HIGHVALLEY, @LancoMusic, @LOCASHmusic, @MidlandOfficial, or @runawayjune be named New Vocal Duo Or Group Of T‚Ä¶ https://t.co/v0QIPLC47R",54
@CBS,0.382,0.108,0.68,0.212,Tue Mar 27 21:00:01 +0000 2018,Count on Entertainer Of The Year nominee @LukeBryanOnline to crash the party with an epic performance at the 53rd‚Ä¶ https://t.co/27ua60HTqu,55
@CBS,0.296,0.0,0.901,0.099,Tue Mar 27 17:00:00 +0000 2018,Join @eltonofficial and some of today's hottest names in music when they take the stage to perform his most memorab‚Ä¶ https://t.co/jz0jaShZIj,56
@CBS,0.508,0.0,0.88,0.12,Mon Mar 26 22:14:25 +0000 2018,"RT @ACMawards: The ACM for New Vocal Group of the Year goes to @MidlandOfficial! And yes, that really was @Reba on the phone! #ACMawards ht‚Ä¶",57
@CBS,0.0,0.0,1.0,0.0,Mon Mar 26 20:42:48 +0000 2018,"RT @ACMawards: In case you didn‚Äôt know, the ACM for New Male Vocalist of the Year goes to @BrettYoungMusic. Check out his reaction when @Re‚Ä¶",58
@CBS,0.796,0.0,0.786,0.214,Mon Mar 26 16:59:19 +0000 2018,RT @ACMawards: Over the weekend @Reba called the ACM New Artist of the Year winners to let them know they had won! Let‚Äôs just say our New F‚Ä¶,59
@CBS,0.807,0.0,0.622,0.378,Mon Mar 26 16:05:18 +0000 2018,"Congratulations to the 53rd #ACMawards New Artist winners @Lauren_Alaina, @MidlandOfficial, and @BrettYoungMusic! W‚Ä¶ https://t.co/Fr8H4arwGj",60
@CBS,0.0,0.0,1.0,0.0,Sun Mar 25 23:57:34 +0000 2018,New start times in East/Central Time Zones #60Minutes 7:35ET/6:35CT #Instinct  8:35ET/7:35CT #NCISLA 9:35ET/8:35CT‚Ä¶ https://t.co/8W5hAeLrvs,61
@CBS,0.532,0.062,0.78,0.157,Sun Mar 25 17:15:25 +0000 2018,Don‚Äôt miss a minute of the action. Stream the¬†Elite Eight¬Æ¬†games LIVE today starting at 2PM ET with a FREE trial of‚Ä¶ https://t.co/8NwU8HdiHR,62
@CBS,0.54,0.0,0.801,0.199,Sat Mar 24 22:46:53 +0000 2018,RT @MomCBS: That's a wrap on the #Mom panel at #PaleyFest! Thanks for following along! https://t.co/we4JgqPt6P,63
@CBS,-0.34,0.185,0.7,0.115,Sat Mar 24 22:46:43 +0000 2018,RT @MomCBS: A fan just commented that #Mom helped bring him out of a deep depression. üíúüíúüíú #PaleyFest,64
@CBS,0.7,0.0,0.791,0.209,Sat Mar 24 22:25:03 +0000 2018,"RT @MomCBS: ""Go out for it anyway. If you're good for the role, you're good for the role."" @theJaimePressly's advice for aspiring actors wi‚Ä¶",65
@CBS,0.0,0.0,1.0,0.0,Sat Mar 24 22:21:37 +0000 2018,RT @MomCBS: Mom Co-Creator @GemmaRBaker just pointed out her own #Mom in the audience at #PaleyFest! üíú,66
@CBS,0.0,0.0,1.0,0.0,Sat Mar 24 22:21:34 +0000 2018,"RT @MomCBS: ""I'm not someone in recovery who goes to AA, but I have taken so much away from it...to take one day at a time."" - @theJaimePre‚Ä¶",67
@CBS,0.718,0.0,0.667,0.333,Sat Mar 24 22:21:26 +0000 2018,"RT @MomCBS: ""You get to appreciate working with such talented people."" - @AnnaKFaris #Mom #PaleyFest",68
@CBS,0.945,0.0,0.58,0.42,Sat Mar 24 22:21:23 +0000 2018,RT @MomCBS: ‚ÄúI love this job. I love working with these women. I love working in front of the live audience‚Ä¶ It‚Äôs alive and it‚Äôs fun.‚Äù - @A‚Ä¶,69
@CBS,0.0,0.0,1.0,0.0,Sat Mar 24 20:00:02 +0000 2018,"Get on your feet for @Jason_Aldean, @ThomasRhett, @ChrisStapleton, @KeithUrban, and @ChrisYoungMusic, the five nomi‚Ä¶ https://t.co/oT5ogjdj4x",70
@CBS,0.7,0.0,0.806,0.194,Fri Mar 23 22:33:52 +0000 2018,Get ready for some sweet games! Stream #5 Clemson vs #1 Kansas LIVE at 7PM ET and #11 Syracuse vs #2 Duke LIVE at 9‚Ä¶ https://t.co/4WstgrKNnW,71
@CBS,0.494,0.0,0.686,0.314,Fri Mar 23 22:33:04 +0000 2018,RT @SEALTeamCBS: In honor of #NationalPuppyDay... üòç #SEALTeam https://t.co/4mIZPpiRlU,72
@CBS,0.9,0.0,0.645,0.355,Fri Mar 23 22:32:48 +0000 2018,"RT @HawaiiFive0CBS: Nothing like a man and his dog! üòçüê∂ Happy #NationalPuppyDay to Eddie, the best pup on the Five-0 Task Force! #H50 https:‚Ä¶",73
@CBS,0.0,0.0,1.0,0.0,Thu Mar 22 22:10:29 +0000 2018,Game on! 16 teams left and the race to the finish continues tonight. Stream #11 Loyola-Chicago vs #7 Nevada LIVE at‚Ä¶ https://t.co/W374rmzzoC,74
@CBS,0.708,0.066,0.623,0.311,Thu Mar 22 20:52:02 +0000 2018,Save the date! These are season finales you do NOT want to miss. RT if you're excited! https://t.co/UUQoWsPPSh https://t.co/cDl4WmxMtU,75
@CBS,0.636,0.0,0.802,0.198,Thu Mar 22 00:23:38 +0000 2018,Congratulations to all of the @CBSDaytime nominees for the #DaytimeEmmys! See the full list of #DaytimeEmmy nominee‚Ä¶ https://t.co/ivJVJWvfsf,76
@CBS,0.0,0.0,1.0,0.0,Wed Mar 21 18:00:01 +0000 2018,Female Vocalist Of The Year nominee @MarenMorris will show her fans how it‚Äôs done when she takes the stage to showc‚Ä¶ https://t.co/PITjmAoFT8,77
@CBS,0.511,0.0,0.858,0.142,Tue Mar 20 20:00:01 +0000 2018,The legendary @Reba returns to host the 53rd #ACMawards and she‚Äôs proving just how comfortable she is behind the mi‚Ä¶ https://t.co/XPXcSPRXqC,78
@CBS,0.0,0.0,1.0,0.0,Tue Mar 20 17:58:43 +0000 2018,RT @nancyodell: Told my daughter I'd be presenting at @ACMawards again this year. (Woot woot!We both luv country music!)She took this pic o‚Ä¶,79
@CBS,0.556,0.0,0.826,0.174,Tue Mar 20 16:52:42 +0000 2018,RT @ladyantebellum: Ecstatic to announce we'll be performing at the #ACMawards in Las Vegas again this year! https://t.co/Qfhs94j6FR,80
@CBS,0.0,0.0,1.0,0.0,Tue Mar 20 16:11:00 +0000 2018,"Country superstars @kennychesney, @ladyantebellum, @blakeshelton, and @KeithUrban have just been added to the stell‚Ä¶ https://t.co/bJ4If7MacP",81
@CBS,0.784,0.072,0.619,0.309,Mon Mar 19 21:02:26 +0000 2018,"RT @YandR_CBS: Forever evolving, Forever inspiring, Forever Young and Restless. ‚ù§Ô∏è Get ready to celebrate 45 years of #YR starting in just‚Ä¶",82
@CBS,0.0,0.0,1.0,0.0,Sun Mar 18 23:44:30 +0000 2018,New start times in East/Central Time Zones: #60Minutes 7:37ET/6:37CT #Instinct series premiere 8:37ET/7:37CT‚Ä¶ https://t.co/xT3YKqmu2M,83
@CBS,0.651,0.0,0.787,0.213,Sun Mar 18 18:05:43 +0000 2018,Spend your Sunday streaming Second Round games LIVE with a FREE trial of CBS All Access! https://t.co/3P85rXLy4b https://t.co/zbWfirD9Ju,84
@CBS,0.187,0.0,0.92,0.08,Sun Mar 18 17:09:53 +0000 2018,"RT @instinctcbs: TONIGHT, Dr. Dylan Reinhart rewrites the book on abnormal behavior. Don't miss the premiere of #Instinct at 8/7c! https://‚Ä¶",85
@CBS,0.0,0.0,1.0,0.0,Sat Mar 17 19:00:02 +0000 2018,"If any duo knows how to rock the stage, it's @FLAGALine. The Vocal Duo Of The Year nominee will perform live at the‚Ä¶ https://t.co/FknabB8NQp",86
@CBS,0.617,0.0,0.839,0.161,Sat Mar 17 17:42:43 +0000 2018,How is your bracket looking after last night? Stream Second Round games LIVE today with a FREE trial of CBS All Acc‚Ä¶ https://t.co/25JlIpgwog,87
@CBS,0.71,0.0,0.753,0.247,Sat Mar 17 14:00:03 +0000 2018,Where better to spend #StPatricksDay than the place everybody knows your name? It‚Äôs just your luck that every singl‚Ä¶ https://t.co/Fom5wmdENL,88
@CBS,0.296,0.0,0.896,0.104,Fri Mar 16 22:53:21 +0000 2018,Stars @JakeMcDorman and Nik Dodani will join the cast in the upcoming revival of Murphy Brown coming to CBS.‚Ä¶ https://t.co/JCAx29lo0i,89
@CBS,0.0,0.0,1.0,0.0,Fri Mar 16 18:15:53 +0000 2018,"RT @thegoodfight: Go behind the scenes with costume designer @DanLawsonStyle in ""Behind The Style,"" a new weekly video series all about the‚Ä¶",90
@CBS,0.651,0.0,0.822,0.178,Fri Mar 16 16:28:40 +0000 2018,The games have just begun! Continue to stream First Round games LIVE today with a FREE trial of CBS All Access:‚Ä¶ https://t.co/YTGsJ48zYP,91
@CBS,0.709,0.0,0.763,0.237,Thu Mar 15 17:54:06 +0000 2018,"RT @TheTalkCBS: You asked, we answered! The fun never ends when the ladies #KeepTalking and answer your fan questions üó£üí¨‚û°Ô∏è https://t.co/ie1‚Ä¶",92
@CBS,-0.494,0.157,0.766,0.077,Thu Mar 15 17:20:26 +0000 2018,RT @instinctcbs: Dr. Dylan Reinhart is lured back into the field from his life of quiet academia when a certain serial killer makes things‚Ä¶,93
@CBS,0.651,0.0,0.806,0.194,Thu Mar 15 16:42:41 +0000 2018,Stream First Round games LIVE today starting at 12PM ET with a FREE trial of CBS All Access! https://t.co/3P85rXLy4b https://t.co/vZow3YD8cb,94
@CBS,0.612,0.0,0.734,0.266,Thu Mar 15 14:32:16 +0000 2018,RT @CBSSports: It's the most wonderful time of the year. #MarchMadness https://t.co/e4c9qohqSR,95
@CBS,0.67,0.0,0.781,0.219,Wed Mar 14 19:30:01 +0000 2018,"Give these ladies some love! @Lauren_Alaina, @DBradbery, @carlypearce, and @RaeLynn are nominated for New Female Vo‚Ä¶ https://t.co/IVhwURfJ3S",96
@CBS,0.361,0.0,0.857,0.143,Tue Mar 13 18:48:52 +0000 2018,"RT @ManWithAPlan: Hungry for more #ManWithAPlan bloopers and behind-the-scenes videos featuring cast like @matt_leblanc, @thelizasnyder, @k‚Ä¶",97
@CBS,0.539,0.0,0.821,0.179,Tue Mar 13 14:15:10 +0000 2018,"Music stars @MileyCyrus, @edsheeran, @ladygaga, and more will honor the legendary @eltonofficial and his hit songs‚Ä¶ https://t.co/UzxARCCLnI",98
@CBS,0.224,0.0,0.917,0.083,Mon Mar 12 18:13:28 +0000 2018,RT @thegoodfight: The verdict is in. The new season of #TheGoodFight is üî•üî•üî•! Stream it now on CBS All Access: https://t.co/FkYSNSXlRb https‚Ä¶,99
@CNN,0.0,0.0,1.0,0.0,Mon Apr 09 18:00:12 +0000 2018,"Illinois Democratic Sen. Tammy Duckworth gave birth to a baby girl Monday, her office announced, the first US senat‚Ä¶ https://t.co/G8vl4Vc2CV",0
@CNN,0.0,0.0,1.0,0.0,Mon Apr 09 17:56:36 +0000 2018,"RT @CNNPolitics: Sen. Bill Nelson: If we don‚Äôt act on Facebook, ‚Äúnone of us are going to have any privacy anymore‚Äù https://t.co/j2vKcfuFuo",1
@CNN,0.202,0.0,0.913,0.087,Mon Apr 09 17:50:03 +0000 2018,The federal government's top voice on ethics sent a letter to the EPA outlining areas of concern regarding agency c‚Ä¶ https://t.co/GQcZs2YBFN,2
@CNN,-0.649,0.261,0.739,0.0,Mon Apr 09 17:40:10 +0000 2018,"Voters in Anchorage, Alaska, narrowly reject a proposal to restrict bathroom access for transgender people, the fir‚Ä¶ https://t.co/1XDALjEFwm",3
@CNN,0.538,0.0,0.812,0.188,Mon Apr 09 17:30:07 +0000 2018,"Why Rick Scott's Senate candidacy is very, very good news for Republicans | Analysis by @CillizzaCNN‚Ä¶ https://t.co/pGpb2HfJQz",4
@CNN,-0.71,0.224,0.776,0.0,Mon Apr 09 17:20:12 +0000 2018,"Just before Bill Cosby walked into court Monday morning, a topless protester with ""Cosby rapist"" and women's names‚Ä¶ https://t.co/dEBpuMfsbD",5
@CNN,0.0,0.0,1.0,0.0,Mon Apr 09 17:10:08 +0000 2018,The stock market can't figure out President Trump's trade policy https://t.co/HAB2bsxco0 https://t.co/UoCsLTvhKE,6
@CNN,-0.026,0.154,0.647,0.199,Mon Apr 09 17:00:12 +0000 2018,Pope Francis says helping the poor and migrants is as important as opposing abortion https://t.co/B9rmyQdHgS https://t.co/XtVV4kelqz,7
@CNN,-0.67,0.184,0.816,0.0,Mon Apr 09 16:51:12 +0000 2018,At least 23 schoolchildren were among those killed Monday in northern India after their bus skidded off the road an‚Ä¶ https://t.co/67yfiJaJxX,8
@CNN,0.0,0.0,1.0,0.0,Mon Apr 09 16:43:03 +0000 2018,Some Facebook users can now see whether their data may have been obtained by political data firm Cambridge Analytic‚Ä¶ https://t.co/HFVSiXVeK4,9
@CNN,-0.077,0.129,0.756,0.116,Mon Apr 09 16:36:26 +0000 2018,Mark Zuckerberg has a clear message for Congress in the wake of the Cambridge Analytica scandal: It's my fault:‚Ä¶ https://t.co/sl6PxaHXyO,10
@CNN,-0.802,0.366,0.551,0.083,Mon Apr 09 16:24:03 +0000 2018,"President Trump strongly condemns the ""atrocious"" chemical weapons attack in Syria and says a decision on US action‚Ä¶ https://t.co/wBVvORqpm0",11
@CNN,-0.422,0.216,0.69,0.095,Mon Apr 09 16:15:27 +0000 2018,"Does Putin bear responsibility for the suspected chemical attack in Syria?

President Trump: ‚ÄúHe may, yeah, he may.‚Ä¶ https://t.co/tmDaXti97p",12
@CNN,0.0,0.0,1.0,0.0,Mon Apr 09 16:06:04 +0000 2018,President Trump: ‚ÄúWe‚Äôll be making some major decisions over the next 24 to 48 hours‚Äù on a US response to the suspec‚Ä¶ https://t.co/iSTwBp9FOX,13
@CNN,-0.511,0.155,0.845,0.0,Mon Apr 09 16:00:37 +0000 2018,"President Trump condemns the ‚Äúheinous attack‚Äù on Syrian civilians: ‚ÄúThis is about humanity... If it‚Äôs Russia, if it‚Ä¶ https://t.co/vQxuUYgOo0",14
@CNN,0.0,0.0,1.0,0.0,Mon Apr 09 15:51:28 +0000 2018,"Facebook CEO Mark Zuckerberg is on Capitol Hill to meet with lawmakers, including members of committees holding hea‚Ä¶ https://t.co/vTmwxfTEHS",15
@CNN,-0.802,0.387,0.613,0.0,Mon Apr 09 15:50:06 +0000 2018,"Sean Hannity, who mocked Michelle Obama, says it's wrong to mock Melania Trump | via @CNNopinion‚Ä¶ https://t.co/AgR2qL6zuv",16
@CNN,-0.542,0.231,0.769,0.0,Mon Apr 09 15:40:08 +0000 2018,"Oklahoma teachers continue their walkout for a sixth day today, maintaining their pressure on state legislators for‚Ä¶ https://t.co/Jppkmfi74G",17
@CNN,0.026,0.059,0.876,0.064,Mon Apr 09 15:30:10 +0000 2018,"Rick Scott is the toughest challenger Bill Nelson has faced for Florida Senate, but Nelson's still a slight favorit‚Ä¶ https://t.co/EHq9izkgN9",18
@CNN,0.0,0.0,1.0,0.0,Mon Apr 09 15:20:12 +0000 2018,What cities and states are doing about guns since the Parkland shooting https://t.co/vngGcWVQF7 https://t.co/9chaUhwhAl,19
@CNN,0.0,0.0,1.0,0.0,Mon Apr 09 18:00:12 +0000 2018,"Illinois Democratic Sen. Tammy Duckworth gave birth to a baby girl Monday, her office announced, the first US senat‚Ä¶ https://t.co/G8vl4Vc2CV",20
@CNN,0.0,0.0,1.0,0.0,Mon Apr 09 17:56:36 +0000 2018,"RT @CNNPolitics: Sen. Bill Nelson: If we don‚Äôt act on Facebook, ‚Äúnone of us are going to have any privacy anymore‚Äù https://t.co/j2vKcfuFuo",21
@CNN,0.202,0.0,0.913,0.087,Mon Apr 09 17:50:03 +0000 2018,The federal government's top voice on ethics sent a letter to the EPA outlining areas of concern regarding agency c‚Ä¶ https://t.co/GQcZs2YBFN,22
@CNN,-0.649,0.261,0.739,0.0,Mon Apr 09 17:40:10 +0000 2018,"Voters in Anchorage, Alaska, narrowly reject a proposal to restrict bathroom access for transgender people, the fir‚Ä¶ https://t.co/1XDALjEFwm",23
@CNN,0.538,0.0,0.812,0.188,Mon Apr 09 17:30:07 +0000 2018,"Why Rick Scott's Senate candidacy is very, very good news for Republicans | Analysis by @CillizzaCNN‚Ä¶ https://t.co/pGpb2HfJQz",24
@CNN,-0.71,0.224,0.776,0.0,Mon Apr 09 17:20:12 +0000 2018,"Just before Bill Cosby walked into court Monday morning, a topless protester with ""Cosby rapist"" and women's names‚Ä¶ https://t.co/dEBpuMfsbD",25
@CNN,0.0,0.0,1.0,0.0,Mon Apr 09 17:10:08 +0000 2018,The stock market can't figure out President Trump's trade policy https://t.co/HAB2bsxco0 https://t.co/UoCsLTvhKE,26
@CNN,-0.026,0.154,0.647,0.199,Mon Apr 09 17:00:12 +0000 2018,Pope Francis says helping the poor and migrants is as important as opposing abortion https://t.co/B9rmyQdHgS https://t.co/XtVV4kelqz,27
@CNN,-0.67,0.184,0.816,0.0,Mon Apr 09 16:51:12 +0000 2018,At least 23 schoolchildren were among those killed Monday in northern India after their bus skidded off the road an‚Ä¶ https://t.co/67yfiJaJxX,28
@CNN,0.0,0.0,1.0,0.0,Mon Apr 09 16:43:03 +0000 2018,Some Facebook users can now see whether their data may have been obtained by political data firm Cambridge Analytic‚Ä¶ https://t.co/HFVSiXVeK4,29
@CNN,-0.077,0.129,0.756,0.116,Mon Apr 09 16:36:26 +0000 2018,Mark Zuckerberg has a clear message for Congress in the wake of the Cambridge Analytica scandal: It's my fault:‚Ä¶ https://t.co/sl6PxaHXyO,30
@CNN,-0.802,0.366,0.551,0.083,Mon Apr 09 16:24:03 +0000 2018,"President Trump strongly condemns the ""atrocious"" chemical weapons attack in Syria and says a decision on US action‚Ä¶ https://t.co/wBVvORqpm0",31
@CNN,-0.422,0.216,0.69,0.095,Mon Apr 09 16:15:27 +0000 2018,"Does Putin bear responsibility for the suspected chemical attack in Syria?

President Trump: ‚ÄúHe may, yeah, he may.‚Ä¶ https://t.co/tmDaXti97p",32
@CNN,0.0,0.0,1.0,0.0,Mon Apr 09 16:06:04 +0000 2018,President Trump: ‚ÄúWe‚Äôll be making some major decisions over the next 24 to 48 hours‚Äù on a US response to the suspec‚Ä¶ https://t.co/iSTwBp9FOX,33
@CNN,-0.511,0.155,0.845,0.0,Mon Apr 09 16:00:37 +0000 2018,"President Trump condemns the ‚Äúheinous attack‚Äù on Syrian civilians: ‚ÄúThis is about humanity... If it‚Äôs Russia, if it‚Ä¶ https://t.co/vQxuUYgOo0",34
@CNN,0.0,0.0,1.0,0.0,Mon Apr 09 15:51:28 +0000 2018,"Facebook CEO Mark Zuckerberg is on Capitol Hill to meet with lawmakers, including members of committees holding hea‚Ä¶ https://t.co/vTmwxfTEHS",35
@CNN,-0.802,0.387,0.613,0.0,Mon Apr 09 15:50:06 +0000 2018,"Sean Hannity, who mocked Michelle Obama, says it's wrong to mock Melania Trump | via @CNNopinion‚Ä¶ https://t.co/AgR2qL6zuv",36
@CNN,-0.542,0.231,0.769,0.0,Mon Apr 09 15:40:08 +0000 2018,"Oklahoma teachers continue their walkout for a sixth day today, maintaining their pressure on state legislators for‚Ä¶ https://t.co/Jppkmfi74G",37
@CNN,0.026,0.059,0.876,0.064,Mon Apr 09 15:30:10 +0000 2018,"Rick Scott is the toughest challenger Bill Nelson has faced for Florida Senate, but Nelson's still a slight favorit‚Ä¶ https://t.co/EHq9izkgN9",38
@CNN,0.0,0.0,1.0,0.0,Mon Apr 09 15:20:12 +0000 2018,What cities and states are doing about guns since the Parkland shooting https://t.co/vngGcWVQF7 https://t.co/9chaUhwhAl,39
@CNN,-0.459,0.16,0.84,0.0,Mon Apr 09 15:12:03 +0000 2018,The FDA worried this drug was risky. Now doctors are concerned about the report of more than 700 deaths in the less‚Ä¶ https://t.co/esK5Q2wVDM,40
@CNN,0.681,0.0,0.781,0.219,Mon Apr 09 15:07:36 +0000 2018,People from both Canada and the United States are sharing photos of hockey sticks left on porches as a tribute to p‚Ä¶ https://t.co/ubUTEoRBxU,41
@CNN,-0.66,0.252,0.748,0.0,Mon Apr 09 15:03:51 +0000 2018,"A disaster was narrowly averted in eastern India on Saturday after a runaway train carrying up to 1,000 passengers‚Ä¶ https://t.co/3DeQiqTNRR",42
@CNN,0.681,0.0,0.781,0.219,Mon Apr 09 14:47:09 +0000 2018,Prince Harry and Meghan Markle are asking people who wish to send them a wedding gift to consider donating to one o‚Ä¶ https://t.co/BOh2wHicgI,43
@CNN,-0.19,0.077,0.923,0.0,Mon Apr 09 14:31:06 +0000 2018,"When it comes to Syria, President Trump can tweet and launch strikes if he wants, but not much else | Analysis by‚Ä¶ https://t.co/q5wp5kGq43",44
@CNN,-0.455,0.153,0.847,0.0,Mon Apr 09 14:21:53 +0000 2018,"RT @cnni: Two of the most wanted fighters from the British ISIS cell called ""the Beatles"" spoke with @npwcnn from inside the detention faci‚Ä¶",45
@CNN,0.0,0.0,1.0,0.0,Mon Apr 09 14:20:03 +0000 2018,"As images of Syrian children gasping and convulsing spread around the world, President Trump and other internationa‚Ä¶ https://t.co/QFqM3UzVxs",46
@CNN,0.318,0.0,0.881,0.119,Mon Apr 09 14:04:35 +0000 2018,Life coach Tony Robbins apologized for his comments about the #MeToo movement after suggesting during a March event‚Ä¶ https://t.co/U0Ln3fjW8v,47
@CNN,0.0,0.0,1.0,0.0,Mon Apr 09 13:52:05 +0000 2018,From political refugee to CEO: How Geisha Williams made history by becoming the first Latina CEO of a Fortune 500 C‚Ä¶ https://t.co/v9AAlj9mmM,48
@CNN,0.128,0.0,0.909,0.091,Mon Apr 09 13:40:21 +0000 2018,Defense Secretary James Mattis on the possibility of launching airstrikes against Syrian President Bashar al-Assad'‚Ä¶ https://t.co/4Oi2LTEfJ4,49
@CNN,-0.077,0.075,0.925,0.0,Mon Apr 09 13:29:17 +0000 2018,"""Black Panther"" passes ""Titanic"" at the box office on the all-time list of highest grossing films‚Ä¶ https://t.co/Lf9lIVteVA",50
@CNN,-0.026,0.18,0.645,0.175,Mon Apr 09 13:20:01 +0000 2018,Attorney General Jeff Sessions just made the opioid war harder to win | via @CNNopinion https://t.co/eO2ZYGLkm8 https://t.co/5ZmHgOzoz7,51
@CNN,-0.66,0.252,0.748,0.0,Mon Apr 09 13:12:03 +0000 2018,"A disaster was narrowly averted in eastern India after a runaway train carrying up to 1,000 passengers rolled with‚Ä¶ https://t.co/lGO0pA0YRX",52
@CNN,-0.002,0.123,0.754,0.123,Mon Apr 09 13:05:54 +0000 2018,"Syria and it most powerful ally, Russia, blamed Israel for striking an airbase in the war-torn country on Monday, f‚Ä¶ https://t.co/dU3bFRhJlV",53
@CNN,-0.361,0.128,0.809,0.064,Mon Apr 09 13:00:15 +0000 2018,Stormy Daniels' legal team plans to release a composite sketch of the man the porn star says threatened her in 2011‚Ä¶ https://t.co/Rbmaf5sW4J,54
@CNN,0.0,0.063,0.874,0.063,Mon Apr 09 12:49:37 +0000 2018,"Florida Republican Gov. Rick Scott says he's running for the US Senate, setting up a serious challenge to the state‚Ä¶ https://t.co/9oHrPWsZw6",55
@CNN,0.637,0.0,0.704,0.296,Mon Apr 09 12:45:10 +0000 2018,Beyond Tokyo: 8 of Japan's best foodie destinations https://t.co/0vjI9pVzDK via @CNNTravel https://t.co/MPo2WPjbfX,56
@CNN,-0.026,0.154,0.647,0.199,Mon Apr 09 12:38:55 +0000 2018,Pope Francis says helping the poor and migrants is as important as opposing abortion https://t.co/XHbOXLchua https://t.co/XXBefmOdcn,57
@CNN,-0.25,0.114,0.818,0.068,Mon Apr 09 12:37:05 +0000 2018,Russia's Defense Ministry has claimed that Israel was behind a series of strikes on an airbase in central Syria on‚Ä¶ https://t.co/IrPIXbxHUd,58
@CNN,0.0,0.0,1.0,0.0,Mon Apr 09 12:30:11 +0000 2018,"Donald Trump always strives to command center stage, but the US President is now embroiled in so many escalating gl‚Ä¶ https://t.co/2yZT9mnSSF",59
@CNN,0.0,0.0,1.0,0.0,Mon Apr 09 12:26:02 +0000 2018,"Deutsche Bank, Germany's biggest lender, is getting rid of its CEO after years of heavy losses.‚Ä¶ https://t.co/O1UvpLNxyz",60
@CNN,0.0,0.0,1.0,0.0,Mon Apr 09 12:19:04 +0000 2018,4 questions Congress must ask Facebook CEO Mark Zuckerberg https://t.co/5PaplSDYRt https://t.co/TPsfQPpUKu,61
@CNN,-0.123,0.063,0.937,0.0,Mon Apr 09 12:16:02 +0000 2018,"Two of the most wanted fighters from the British ISIS cell known as ""the Beatles"" have called some of the group's a‚Ä¶ https://t.co/ErTHLwtmHe",62
@CNN,0.0,0.0,1.0,0.0,Mon Apr 09 12:12:37 +0000 2018,"Facebook CEO Mark Zuckerberg is on Capitol Hill today to meet with lawmakers, including members of committees holdi‚Ä¶ https://t.co/TEjSDM8O0O",63
@CNN,-0.511,0.275,0.604,0.121,Mon Apr 09 12:12:02 +0000 2018,"New York Times top editor on journalism's ""biggest crisis"" https://t.co/YZqAM2JZ2X https://t.co/aGlBwRjZrc",64
@CNN,0.0,0.0,1.0,0.0,Mon Apr 09 12:04:23 +0000 2018,What cities and states are doing about guns since the Parkland shooting https://t.co/x2gNmQqcvg https://t.co/q70mtKVUqn,65
@CNN,0.0,0.0,1.0,0.0,Mon Apr 09 12:03:04 +0000 2018,Designing for hedonists: The evolution of nightclub interiors https://t.co/PJKGBCwL2b via @CNNStyle https://t.co/osJPpj5Jlo,66
@CNN,-0.66,0.252,0.748,0.0,Mon Apr 09 11:59:06 +0000 2018,"A disaster was narrowly averted in eastern India on Saturday after a runaway train carrying up to 1,000 passengers‚Ä¶ https://t.co/VGZeMMBqZ9",67
@CNN,0.0,0.0,1.0,0.0,Mon Apr 09 11:56:02 +0000 2018,"How President Trump might counter ""Animal Assad"" https://t.co/1UCL0ugNRt | via @CNNOpinion https://t.co/6Vxl00eqbc",68
@CNN,0.586,0.0,0.759,0.241,Mon Apr 09 11:51:07 +0000 2018,16-year-old breaks Commonwealth Games record to win shooting gold for India https://t.co/ckEnqdDG2p https://t.co/Y7CYQy1zrp,69
@CNN,-0.382,0.178,0.822,0.0,Mon Apr 09 11:44:06 +0000 2018,Here's everything you need to know about the US-China trade battle https://t.co/qfAXCtoeph https://t.co/qc6MwmahAG,70
@CNN,-0.542,0.231,0.769,0.0,Mon Apr 09 11:39:27 +0000 2018,"Oklahoma teachers will continue their walkout for a sixth day today, maintaining their pressure on state legislator‚Ä¶ https://t.co/FdYFsxlo0U",71
@CNN,-0.612,0.417,0.583,0.0,Mon Apr 09 11:38:04 +0000 2018,"Lightning strike kills 1, injures 4 in Florida https://t.co/iDZeD9keEh https://t.co/MnHKWwyfzB",72
@CNN,0.0,0.0,1.0,0.0,Mon Apr 09 11:31:05 +0000 2018,Atlanta is the world's busiest airport for another year. Here's the rest of the list: https://t.co/qy5qAnTwjG,73
@CNN,0.0,0.0,1.0,0.0,Mon Apr 09 11:30:06 +0000 2018,"As images of Syrian children gasping and convulsing spread around the world, President Trump and other internationa‚Ä¶ https://t.co/4UF8wtRLft",74
@CNN,-0.625,0.186,0.814,0.0,Mon Apr 09 11:26:30 +0000 2018,"RT @NewDay: ""They're really very ordinary,"" says @npwcnn of British ISIS terrorists called ""the Beatles.""

""Unextraordinary people to some‚Ä¶",75
@CNN,-0.123,0.066,0.934,0.0,Mon Apr 09 11:26:19 +0000 2018,"Two of the most wanted fighters from the British ISIS cell called ""the Beatles"" have called some of the group's act‚Ä¶ https://t.co/TJ5ez1pFVh",76
@CNN,0.0,0.0,1.0,0.0,Mon Apr 09 11:26:05 +0000 2018,US military resumes air operations in Djibouti https://t.co/tb7GCGzpIl https://t.co/dMKZRtdHaw,77
@CNN,-0.66,0.318,0.568,0.114,Mon Apr 09 11:20:03 +0000 2018,Ferrari mechanic suffers a broken leg after being hit by a car during a pit stop at the Bahrain Grand Prix https://t.co/Hz9pxAiJFO,78
@CNN,0.318,0.0,0.881,0.119,Mon Apr 09 11:16:03 +0000 2018,Life coach Tony Robbins apologized for his comments about the #MeToo movement after suggesting during a March event‚Ä¶ https://t.co/iWTVDtKsqB,79
@CNN,0.0,0.0,1.0,0.0,Mon Apr 09 11:12:06 +0000 2018,Advocacy groups claim YouTube illegally collects data from kids https://t.co/cekqlCi0z1 https://t.co/zjlS4plfp6,80
@CNN,-0.459,0.16,0.84,0.0,Mon Apr 09 11:10:34 +0000 2018,The FDA worried this drug was risky. Now doctors are concerned about the report of more than 700 deaths in the less‚Ä¶ https://t.co/7v8OKBAdFh,81
@CNN,0.0,0.0,1.0,0.0,Mon Apr 09 11:06:04 +0000 2018,Cambridge Analytica whistleblower says data could've come from more than 87 million users and be stored in Russia‚Ä¶ https://t.co/Ul43cBSA1l,82
@CNN,-0.402,0.153,0.847,0.0,Mon Apr 09 11:00:09 +0000 2018,"5 things for Monday:

- Syria
- Alaska 'bathroom bill'
- Hungary election
- Canada bus crash
- Tony Robbins and‚Ä¶ https://t.co/4MGWimP6ee",83
@CNN,-0.802,0.444,0.556,0.0,Mon Apr 09 10:58:02 +0000 2018,Army identifies two soldiers killed in Kentucky helicopter crash https://t.co/Dqje3GDcLG https://t.co/rXwFCMGiXH,84
@CNN,-0.318,0.246,0.628,0.126,Mon Apr 09 10:52:06 +0000 2018,Syria attack response looms over John Bolton's first week as national security adviser https://t.co/iqhidMOnZO https://t.co/YKp7r5Vlt0,85
@CNN,0.0,0.0,1.0,0.0,Mon Apr 09 10:50:07 +0000 2018,"When Congress returns Monday from a two-week recess, all eyes will be on Facebook CEO Mark Zuckerberg as he takes t‚Ä¶ https://t.co/rvKkEqwlqD",86
@CNN,-0.459,0.25,0.75,0.0,Mon Apr 09 10:46:04 +0000 2018,"A year after the US attacked Syria, what's changed? https://t.co/fD4i63D5cc https://t.co/T2skoyLYDv",87
@CNN,0.226,0.14,0.628,0.232,Mon Apr 09 10:45:04 +0000 2018,Should Democrats worry that a blue wave is being treated like a sure thing? | Analysis by @zbyronwolf¬†‚Ä¶ https://t.co/ic7X2vHlwu,88
@CNN,-0.625,0.389,0.611,0.0,Mon Apr 09 10:41:02 +0000 2018,"Muenster van attack driver acted alone, police say https://t.co/0ImvR5IoMW https://t.co/BweBbbfH2O",89
@CNN,0.0,0.0,1.0,0.0,Mon Apr 09 10:35:35 +0000 2018,Bill Cosby's retrial begins in Pennsylvania today -- the first time the comedian's case returns to court since the‚Ä¶ https://t.co/mKOcWGBE5R,90
@CNN,0.0,0.0,1.0,0.0,Mon Apr 09 10:35:05 +0000 2018,"Republican Sen. John McCain says President Trump ""emboldened"" Syrian leader Bashar al-Assad with comments on US wit‚Ä¶ https://t.co/2Dm4Cpqyla",91
@CNN,0.0,0.0,1.0,0.0,Mon Apr 09 10:31:07 +0000 2018,"New Trump adviser is ""not much of a carrot man"" https://t.co/5yAePVYewm | via @CNNopinion https://t.co/Cib9B7ZUTl",92
@CNN,-0.318,0.112,0.837,0.051,Mon Apr 09 10:26:01 +0000 2018,Several cities and states have taken matters into their own hands on gun regulation since the February 14 Parkland‚Ä¶ https://t.co/f9mmASATVg,93
@CNN,0.0,0.0,1.0,0.0,Mon Apr 09 10:21:02 +0000 2018,New details about the birth of the third child of the Duke and Duchess of Cambridge have been revealed by Kensingto‚Ä¶ https://t.co/A6r1pHeuqm,94
@CNN,-0.166,0.142,0.858,0.0,Mon Apr 09 10:15:07 +0000 2018,"Ad boycott continues, but Laura Ingraham is coming back https://t.co/A9aXH4c6Tb https://t.co/KBp3OW1IMd",95
@CNN,-0.71,0.269,0.731,0.0,Mon Apr 09 10:12:04 +0000 2018,"The US denied attacking a Syrian airfield on Sunday, hours after President Donald Trump tweeted ""Animal Assad"" woul‚Ä¶ https://t.co/KAoUrZQTf4",96
@CNN,0.361,0.0,0.828,0.172,Mon Apr 09 10:06:04 +0000 2018,Jimmy Kimmel apologizes for jabs at Fox News host Sean Hannity https://t.co/fZDKYMkN5H https://t.co/WWKAqAwmj3,97
@CNN,0.0,0.0,1.0,0.0,Mon Apr 09 09:59:03 +0000 2018,"Stormy Daniels' attorney has once again filed a motion to depose President Donald Trump and his lawyer, Michael Coh‚Ä¶ https://t.co/NjypxY1Pex",98
@CNN,-0.153,0.071,0.929,0.0,Mon Apr 09 09:57:23 +0000 2018,"Are you one of the 87 million Facebook users affected by the Cambridge Analytica data breach?

CNN wants to hear fr‚Ä¶ https://t.co/ceSEBdQnht",99
@FOX,0.318,0.0,0.753,0.247,Mon Apr 09 06:18:01 +0000 2018,RT @aprilwensel: Please let this sink in. https://t.co/mVGNssAj4o,0
@FOX,0.67,0.0,0.792,0.208,Mon Apr 09 05:28:37 +0000 2018,"RT @the_patima: *ahem* excuse me, I've kind of just found one of the best things on the internet:

https://t.co/h4IaRZ3RQC

10/10 way to le‚Ä¶",1
@FOX,0.095,0.153,0.678,0.169,Mon Apr 09 05:26:52 +0000 2018,"@itchymutt I understand! üòá AU actually has 4-5 hour overlap with SF, so it‚Äôs quite good. Worse with Europe.",2
@FOX,0.631,0.0,0.795,0.205,Mon Apr 09 04:52:52 +0000 2018,"I believe @buffer is one of the best examples of great hiring practices, but this might be one of my favourite deta‚Ä¶ https://t.co/rOP56Hr1o3",3
@FOX,0.0,0.0,1.0,0.0,Mon Apr 09 04:13:14 +0000 2018,"A short introduction to what information should be covered by conference organisers, especially when seeking speake‚Ä¶ https://t.co/Hwa3EFtDpB",4
@FOX,0.67,0.0,0.593,0.407,Mon Apr 09 04:04:56 +0000 2018,"@itchymutt ah, understood. Thank you. I guess I don‚Äôt qualify then. :)",5
@FOX,0.0,0.0,1.0,0.0,Mon Apr 09 04:02:08 +0000 2018,"@itchymutt ‚Äî ahh, that product design posting is remote, but only US-based candidates?",6
@FOX,0.0,0.0,1.0,0.0,Mon Apr 09 03:20:20 +0000 2018,"RT @naimaism: Hire women directors, so your music videos won‚Äôt just be women in bikinis standing next to a pool.",7
@FOX,0.0,0.0,1.0,0.0,Mon Apr 09 03:19:53 +0000 2018,@aprilwensel üî•üö®üî•,8
@FOX,0.402,0.0,0.876,0.124,Mon Apr 09 03:13:12 +0000 2018,"Yes, it is my hobby to search event pages for inclusion, diversity and conduct keywords and analyse their strategie‚Ä¶ https://t.co/ST58es1WfW",9
@FOX,0.0,0.0,1.0,0.0,Mon Apr 09 03:12:35 +0000 2018,"Ticket sale &gt; having a Code of Conduct? ü§∑üèª‚Äç‚ôÄÔ∏è 

Inclusion can‚Äôt be an afterthought. @aahconf @StartupVic 

https://t.co/9dDF5yP9ev",10
@FOX,-0.296,0.306,0.694,0.0,Mon Apr 09 00:11:31 +0000 2018,@itsmisscs @CSSconfeu long time no see üòá,11
@FOX,0.459,0.0,0.667,0.333,Sun Apr 08 07:47:09 +0000 2018,@nonswearyphil Because we‚Äôve discontinued the events. :),12
@FOX,0.637,0.0,0.792,0.208,Sun Apr 08 07:43:36 +0000 2018,I love how some people without understanding of running inclusive events and governance are suggesting someone shou‚Ä¶ https://t.co/dpSoYioOBp,13
@FOX,0.0,0.0,1.0,0.0,Sun Apr 08 03:48:10 +0000 2018,"RT @_sagesharp_: If you're someone from a group under-represented in tech, what have conference organizers done that made you feel welcome‚Ä¶",14
@FOX,-0.493,0.132,0.868,0.0,Sun Apr 08 03:41:29 +0000 2018,Let me translate: we dropped one of deeply problematic speakers WE INVITED to speak at our event only after the com‚Ä¶ https://t.co/v58T8zVFZK,15
@FOX,0.0,0.0,1.0,0.0,Sun Apr 08 01:59:40 +0000 2018,"@kf I‚Äôm wondering the same, I‚Äôve considered them years ago and thought even recently maybe they grew up finally, bu‚Ä¶ https://t.co/5AyySyRuXW",16
@FOX,0.822,0.0,0.116,0.884,Sun Apr 08 01:15:33 +0000 2018,"@hypatiadotca Yay, congratulations!",17
@FOX,-0.361,0.122,0.878,0.0,Sun Apr 08 01:02:36 +0000 2018,"@github has been making massive inclusion mistakes since 2014 (if not longer).

There always has been little respon‚Ä¶ https://t.co/TfUq6qareN",18
@FOX,0.0,0.0,1.0,0.0,Sun Apr 08 00:59:51 +0000 2018,@patriciarealini üî•üî•üî•,19
@FOX,0.318,0.0,0.753,0.247,Mon Apr 09 06:18:01 +0000 2018,RT @aprilwensel: Please let this sink in. https://t.co/mVGNssAj4o,20
@FOX,0.67,0.0,0.792,0.208,Mon Apr 09 05:28:37 +0000 2018,"RT @the_patima: *ahem* excuse me, I've kind of just found one of the best things on the internet:

https://t.co/h4IaRZ3RQC

10/10 way to le‚Ä¶",21
@FOX,0.095,0.153,0.678,0.169,Mon Apr 09 05:26:52 +0000 2018,"@itchymutt I understand! üòá AU actually has 4-5 hour overlap with SF, so it‚Äôs quite good. Worse with Europe.",22
@FOX,0.631,0.0,0.795,0.205,Mon Apr 09 04:52:52 +0000 2018,"I believe @buffer is one of the best examples of great hiring practices, but this might be one of my favourite deta‚Ä¶ https://t.co/rOP56Hr1o3",23
@FOX,0.0,0.0,1.0,0.0,Mon Apr 09 04:13:14 +0000 2018,"A short introduction to what information should be covered by conference organisers, especially when seeking speake‚Ä¶ https://t.co/Hwa3EFtDpB",24
@FOX,0.67,0.0,0.593,0.407,Mon Apr 09 04:04:56 +0000 2018,"@itchymutt ah, understood. Thank you. I guess I don‚Äôt qualify then. :)",25
@FOX,0.0,0.0,1.0,0.0,Mon Apr 09 04:02:08 +0000 2018,"@itchymutt ‚Äî ahh, that product design posting is remote, but only US-based candidates?",26
@FOX,0.0,0.0,1.0,0.0,Mon Apr 09 03:20:20 +0000 2018,"RT @naimaism: Hire women directors, so your music videos won‚Äôt just be women in bikinis standing next to a pool.",27
@FOX,0.0,0.0,1.0,0.0,Mon Apr 09 03:19:53 +0000 2018,@aprilwensel üî•üö®üî•,28
@FOX,0.402,0.0,0.876,0.124,Mon Apr 09 03:13:12 +0000 2018,"Yes, it is my hobby to search event pages for inclusion, diversity and conduct keywords and analyse their strategie‚Ä¶ https://t.co/ST58es1WfW",29
@FOX,0.0,0.0,1.0,0.0,Mon Apr 09 03:12:35 +0000 2018,"Ticket sale &gt; having a Code of Conduct? ü§∑üèª‚Äç‚ôÄÔ∏è 

Inclusion can‚Äôt be an afterthought. @aahconf @StartupVic 

https://t.co/9dDF5yP9ev",30
@FOX,-0.296,0.306,0.694,0.0,Mon Apr 09 00:11:31 +0000 2018,@itsmisscs @CSSconfeu long time no see üòá,31
@FOX,0.459,0.0,0.667,0.333,Sun Apr 08 07:47:09 +0000 2018,@nonswearyphil Because we‚Äôve discontinued the events. :),32
@FOX,0.637,0.0,0.792,0.208,Sun Apr 08 07:43:36 +0000 2018,I love how some people without understanding of running inclusive events and governance are suggesting someone shou‚Ä¶ https://t.co/dpSoYioOBp,33
@FOX,0.0,0.0,1.0,0.0,Sun Apr 08 03:48:10 +0000 2018,"RT @_sagesharp_: If you're someone from a group under-represented in tech, what have conference organizers done that made you feel welcome‚Ä¶",34
@FOX,-0.493,0.132,0.868,0.0,Sun Apr 08 03:41:29 +0000 2018,Let me translate: we dropped one of deeply problematic speakers WE INVITED to speak at our event only after the com‚Ä¶ https://t.co/v58T8zVFZK,35
@FOX,0.0,0.0,1.0,0.0,Sun Apr 08 01:59:40 +0000 2018,"@kf I‚Äôm wondering the same, I‚Äôve considered them years ago and thought even recently maybe they grew up finally, bu‚Ä¶ https://t.co/5AyySyRuXW",36
@FOX,0.822,0.0,0.116,0.884,Sun Apr 08 01:15:33 +0000 2018,"@hypatiadotca Yay, congratulations!",37
@FOX,-0.361,0.122,0.878,0.0,Sun Apr 08 01:02:36 +0000 2018,"@github has been making massive inclusion mistakes since 2014 (if not longer).

There always has been little respon‚Ä¶ https://t.co/TfUq6qareN",38
@FOX,0.0,0.0,1.0,0.0,Sun Apr 08 00:59:51 +0000 2018,@patriciarealini üî•üî•üî•,39
@FOX,-0.128,0.092,0.837,0.071,Sun Apr 08 00:59:39 +0000 2018,RT @patriciarealini: when will people at @github take responsibility &amp; stop using evasive language to try to escape scrutiny for their acti‚Ä¶,40
@FOX,0.0,0.0,1.0,0.0,Sun Apr 08 00:54:14 +0000 2018,ElectronConf: We have published a list of speakers that doesn‚Äôt reflect the standards to which we hold ourselves.‚Ä¶ https://t.co/ik7ugZwSL1,41
@FOX,0.0,0.0,1.0,0.0,Sun Apr 08 00:50:34 +0000 2018,"Seemingly, this is Github‚Äôs response to questions about the Constellation lineup choices. 

The narrative is identi‚Ä¶ https://t.co/kRH6SzwazD",42
@FOX,0.0,0.0,1.0,0.0,Sun Apr 08 00:46:50 +0000 2018,"RT @_sagesharp_: So a @github conference organizer invited the CTO of ICE to speak at the Washington D.C. constellation conference.

We sho‚Ä¶",43
@FOX,-0.25,0.091,0.909,0.0,Sun Apr 08 00:22:29 +0000 2018,Github seems to have learned literally zero since that time my tweet made them cancel Electron Conf because there w‚Ä¶ https://t.co/HwvCoxuDlj,44
@FOX,0.128,0.133,0.681,0.186,Sat Apr 07 21:39:39 +0000 2018,"RT @BreeNewsome: ""Diversity of opinion"" üôÉ
This is another popular term for folks trying to justify giving a platform to hate, bigotry &amp; ign‚Ä¶",45
@FOX,-0.797,0.471,0.529,0.0,Sat Apr 07 07:05:15 +0000 2018,"RT @karlitaliliana: This is deeply, incredibly, heartbreakingly disappointing @github. https://t.co/SvR51feRNR",46
@FOX,0.494,0.0,0.862,0.138,Sat Apr 07 04:19:23 +0000 2018,"I‚Äôve set up my Facebook account 11 years ago and today I‚Äôve requested its deletion. 

Facebook doesn‚Äôt care about p‚Ä¶ https://t.co/Ui7o9pdetL",47
@FOX,0.0,0.0,1.0,0.0,Fri Apr 06 21:20:24 +0000 2018,If Twitter intentionally breaks third-party apps that‚Äôs the last straw for me. The web and native clients are usele‚Ä¶ https://t.co/BT4u0K8mEJ,48
@FOX,0.718,0.0,0.572,0.428,Fri Apr 06 09:47:15 +0000 2018,"@pmarsceill ahh, interesting! Might apply for this one. :) https://t.co/vpKnUBFOpJ",49
@FOX,0.0,0.0,1.0,0.0,Fri Apr 06 07:48:45 +0000 2018,@johnbarton ü•Ç,50
@FOX,0.458,0.0,0.857,0.143,Fri Apr 06 04:35:57 +0000 2018,"RT @aprilwensel: ‚ÄúI absolutely support women in tech‚Ä¶

‚Ä¶unless, of course, it requires me to change my own behavior.‚Äù",51
@FOX,0.0,0.151,0.735,0.114,Fri Apr 06 04:33:31 +0000 2018,"RT @ProjectBuddy: Mental illness can make it hard for people to maintain their hygiene.

You should be proud of yourself for brushing your‚Ä¶",52
@FOX,0.586,0.0,0.789,0.211,Fri Apr 06 04:32:32 +0000 2018,"This is an excellent read, especially for fellow men (no matter whether you call yourself an ally or not).

https://t.co/OdzmUzKQdF",53
@FOX,-0.296,0.084,0.916,0.0,Fri Apr 06 02:44:29 +0000 2018,"RT @amyngyn: last: @cindyalvarez on 5 things that no one will tell you (but she will)

1. job descriptions are a lie
2. resumes are not you‚Ä¶",54
@FOX,0.599,0.0,0.731,0.269,Fri Apr 06 01:28:52 +0000 2018,"Number of times I get asked for free diversity and inclusion advice: countless.

Number of times anyone is willing‚Ä¶ https://t.co/5AH7KEXyzn",55
@FOX,0.298,0.074,0.795,0.131,Fri Apr 06 00:13:56 +0000 2018,"@adblanche üôèüèª agree!

Especially when looking for a new job I‚Äôm seeing a lot of talking and very little doing. Heh.",56
@FOX,0.509,0.0,0.708,0.292,Fri Apr 06 00:12:26 +0000 2018,"@hfauq Hah, I‚Äôm already chatting to folks there! :)",57
@FOX,0.542,0.0,0.791,0.209,Thu Apr 05 07:56:22 +0000 2018,"RT @AngryBlackLady: Please read and share this. | Hey, @TheAtlantic, Hiring a (Horrible) White Man for ‚ÄòDiversity‚Äô Is Gaslighting 101 https‚Ä¶",58
@FOX,0.657,0.0,0.804,0.196,Thu Apr 05 06:31:30 +0000 2018,"The Atlassian state of diversity and inclusion report in US tech is incredibly well-put. Great work @adblanche, et‚Ä¶ https://t.co/ygSFBJyoAd",59
@FOX,0.459,0.0,0.571,0.429,Thu Apr 05 06:19:36 +0000 2018,@evanderkoogh üì¨ hi at https://t.co/vah0lKcYeo :),60
@FOX,0.637,0.0,0.743,0.257,Thu Apr 05 06:18:01 +0000 2018,"@evanderkoogh üëã Yep, I‚Äôm still having conversations with people :) 

Would you mind emailing me with more details?",61
@FOX,0.0,0.0,1.0,0.0,Thu Apr 05 05:49:51 +0000 2018,üëèüèª üíØ  https://t.co/XJcfmLw1qD,62
@FOX,0.493,0.0,0.825,0.175,Thu Apr 05 00:17:15 +0000 2018,I‚Äôm still on the look to find my next job and work with good people! üòá https://t.co/ZdZZSrB2xK,63
@FOX,-0.361,0.106,0.894,0.0,Wed Apr 04 22:26:57 +0000 2018,"I‚Äôve been treated as if I‚Äôm clueless or just at an event as a ‚Äúpartner from outside of tech‚Äù.

I had this conversat‚Ä¶ https://t.co/EmLnVTaiKX",64
@FOX,-0.34,0.112,0.888,0.0,Wed Apr 04 22:22:33 +0000 2018,When me and my partner (both technical) meet people at events a considerable amount of men doesn‚Äôt even bother intr‚Ä¶ https://t.co/CnQ6Tl7quk,65
@FOX,0.571,0.0,0.822,0.178,Wed Apr 04 10:49:47 +0000 2018,"@CSS_Conf_AR The website looks fabulous!

However, I‚Äôve noticed that the Code of Conduct is hot-linked, which means‚Ä¶ https://t.co/MUDGkmNWLv",66
@FOX,0.214,0.0,0.764,0.236,Wed Apr 04 10:44:43 +0000 2018,"@OphelieLechat Definitely not Sprint, but this. https://t.co/at5ho81nni",67
@FOX,0.71,0.0,0.704,0.296,Wed Apr 04 07:33:49 +0000 2018,"This resource for mental health and self care is incredible, I wish I have seen it earlier. https://t.co/nbx4ghZ1gI",68
@FOX,0.796,0.0,0.426,0.574,Tue Apr 03 22:55:45 +0000 2018,@anildash Thank you! Just wanted to make sure. :),69
@FOX,0.0,0.0,1.0,0.0,Tue Apr 03 22:38:17 +0000 2018,@anildash Hey Anil üëãüèª is this remote US or remote anywhere? Asking because it‚Äôs aligned with what I‚Äôm looking for :‚Ä¶ https://t.co/XVExPFLEpz,70
@FOX,0.0,0.0,1.0,0.0,Tue Apr 03 00:37:10 +0000 2018,"RT @alicegoldfuss: ICYMI
1. @RealSexyCyborg asks @VICE not to report on her relationship status
2. @VICE does so anyway
3. @RealSexyCyborg‚Ä¶",71
@FOX,0.402,0.0,0.895,0.105,Sat Mar 31 22:25:16 +0000 2018,"RT @adblanche: Reshare, because we need White #women doing the work to help their siblings of color to get real diversity in tech. #changet‚Ä¶",72
@FOX,0.0,0.0,1.0,0.0,Sat Mar 31 03:40:35 +0000 2018,RT @cedfunches: Let that marinate a bit... http://t.co/fiijZDPo7K,73
@FOX,0.361,0.0,0.828,0.172,Fri Mar 30 23:19:30 +0000 2018,"RT @kylietimpani: Hey, what design conferences do you recommend? Anywhere in the world.",74
@FOX,0.459,0.0,0.812,0.188,Fri Mar 30 05:44:06 +0000 2018,@glenngillen I can tell a lot from about / careers pages and how a business conducts themselves. :),75
@FOX,-0.477,0.14,0.86,0.0,Fri Mar 30 02:33:57 +0000 2018,RT @jessamyn: NYTimes releases Diversity and Inclusion Report. With graphs that have differing Y axes that subtly give the wrong impression‚Ä¶,76
@FOX,0.44,0.0,0.828,0.172,Thu Mar 29 22:58:07 +0000 2018,"@mjmichellekim also, thanks to you I‚Äôve just discovered you can pitch pieces to Quartz üôáüèª‚Äç‚ôÄÔ∏è",77
@FOX,0.0,0.0,1.0,0.0,Thu Mar 29 22:53:52 +0000 2018,"‚ÄúTo achieve lasting change, you have to focus on something bigger than what you can measure in the short-term.‚Äù 

Y‚Ä¶ https://t.co/4b5womubML",78
@FOX,0.273,0.0,0.896,0.104,Thu Mar 29 22:48:43 +0000 2018,"I‚Äôm one of those people who create a spreadsheet for all the organisations I‚Äôm interviewing with, gather their dive‚Ä¶ https://t.co/2RsVggo5yI",79
@FOX,0.0,0.0,1.0,0.0,Thu Mar 29 08:14:48 +0000 2018,@noopkat I subscribe to this newsletter,80
@FOX,0.475,0.145,0.661,0.194,Thu Mar 29 05:36:01 +0000 2018,"@kissane Sorry for being unclear! I think citation is great, I often found resources I haven‚Äôt seen before, plus al‚Ä¶ https://t.co/jcD3ZGYM7m",81
@FOX,0.0,0.0,1.0,0.0,Thu Mar 29 05:14:15 +0000 2018,"@kissane So the approach of just hot linking to a website out there without considering how people could report, wh‚Ä¶ https://t.co/MrFZRDGLY6",82
@FOX,0.0,0.0,1.0,0.0,Thu Mar 29 05:01:57 +0000 2018,Just to clarify: linking to https://t.co/a6Ht7BpUMZ or other examples out there doesn‚Äôt constitute an inclusion or‚Ä¶ https://t.co/tktVbndmgi,83
@FOX,0.493,0.083,0.715,0.203,Thu Mar 29 05:00:16 +0000 2018,"@kissane Yeah, that is good! I meant the events that link directly to public Code of Conducts that have no contact details, etc.",84
@FOX,0.0,0.0,1.0,0.0,Thu Mar 29 04:47:52 +0000 2018,"If a Code of Conduct of an event links to one of the community-hosted, external CoCs, what it tells me is that the‚Ä¶ https://t.co/K27uhTjXbg",85
@FOX,0.34,0.0,0.876,0.124,Thu Mar 29 03:15:10 +0000 2018,"AirBnB giving out user data to the Chinese government, Facebook discriminating through ads and leaking user informa‚Ä¶ https://t.co/lAHF6sJuKG",86
@FOX,0.661,0.0,0.747,0.253,Thu Mar 29 03:12:44 +0000 2018,"RT @sw: This is so exciting, @triketora lands in the Southern Hemisphere! üéâüêßüê≥ https://t.co/I5czjV84uE",87
@FOX,0.586,0.0,0.789,0.211,Wed Mar 28 21:24:26 +0000 2018,"Thank you for the shout-out to inclusion at CSSConf AU @kylietimpani üôáüèª‚Äç‚ôÄÔ∏è

Make sure you read the entire interview‚Ä¶ https://t.co/S21RBI6s2y",88
@FOX,0.734,0.0,0.708,0.292,Wed Mar 28 09:34:35 +0000 2018,"RT @Future_Females: Happy #MuslimWomensMonth ! Today we're watching one of our favourite advocates for tolerance and diversity, @yassmin_a‚Ä¶",89
@FOX,0.822,0.0,0.602,0.398,Wed Mar 28 06:25:50 +0000 2018,I love how sometimes people advise underrepresented groups to take on opportunities that require significant salary‚Ä¶ https://t.co/eYww0rgKAE,90
@FOX,0.44,0.0,0.879,0.121,Wed Mar 28 06:02:55 +0000 2018,RT @catehstn: Discovering the five causes of burnout that are not overwork informed this approach. It‚Äôs such a useful way to understand bur‚Ä¶,91
@FOX,0.0,0.0,1.0,0.0,Wed Mar 28 05:37:09 +0000 2018,"A Tim Tam a day keeps the doctor away.

‚Äîancient Australian proverb",92
@FOX,-0.772,0.271,0.729,0.0,Wed Mar 28 01:59:26 +0000 2018,"I‚Äôve been watching Big Little Lies lately, and the portrayal of the complexity of abusive relationships is both exc‚Ä¶ https://t.co/qMNxveax5O",93
@FOX,0.42,0.0,0.417,0.583,Wed Mar 28 01:44:18 +0000 2018,@RedRoxProjects Thank you! üíê,94
@FOX,0.0,0.0,1.0,0.0,Wed Mar 28 01:15:30 +0000 2018,@OphelieLechat üíì,95
@FOX,0.077,0.0,0.929,0.071,Wed Mar 28 00:36:44 +0000 2018,"This, a thousand times for job interviews or ‚ÄùI just want to catch up and talk about things‚Äù. https://t.co/5AA2d4vkwd",96
@FOX,0.0,0.0,1.0,0.0,Wed Mar 28 00:17:46 +0000 2018,@SaskiaFairfull North Melbourne Meat Market.,97
@FOX,0.42,0.0,0.417,0.583,Tue Mar 27 23:50:53 +0000 2018,@SaskiaFairfull Thank you!,98
@FOX,0.743,0.0,0.656,0.344,Tue Mar 27 23:41:20 +0000 2018,"This incredible venue plus my art direction skills. I‚Äôm pretty proud of myself.

üíñ https://t.co/st8XZOoc4y",99
@nytimes,0.0,0.0,1.0,0.0,Mon Apr 09 18:00:21 +0000 2018,"President Trump ""is always speaking to a proximate audience; unlike other presidents, the speaking, not the speech,‚Ä¶ https://t.co/wImyJJ353V",0
@nytimes,0.402,0.0,0.881,0.119,Mon Apr 09 17:50:03 +0000 2018,RT @MichaelPaulson: NYC playbills from the 18th and 19th centuries will be digitized and searchable at @MuseumofCityNY with boost from @NEH‚Ä¶,1
@nytimes,0.0,0.0,1.0,0.0,Mon Apr 09 17:40:10 +0000 2018,President Trump said that he will meet with Kim Jong-un in May or early June https://t.co/c0x2DD3Qs2,2
@nytimes,-0.103,0.154,0.75,0.096,Mon Apr 09 17:30:09 +0000 2018,"‚ÄúIt was my mistake, and I‚Äôm sorry. I started Facebook, I run it, and I‚Äôm responsible for what happens here,‚Äù Mark Z‚Ä¶ https://t.co/BnvctJCv1N",3
@nytimes,0.262,0.0,0.886,0.114,Mon Apr 09 17:20:09 +0000 2018,"Cynthia Nixon: ""We built the Erie Canal! We can‚Äôt fix the subway? Are you kidding me?"" https://t.co/urfn3iJWvz",4
@nytimes,-0.296,0.091,0.909,0.0,Mon Apr 09 17:10:06 +0000 2018,RT @AllMattNYT: The Facebook app used to harvest data for Cambridge Analytica had one function: to scrape profile data. There was no ‚Äúin-ap‚Ä¶,5
@nytimes,0.0,0.0,1.0,0.0,Mon Apr 09 17:00:21 +0000 2018,Why you should get the new shingles vaccine https://t.co/xaK1AGl8up,6
@nytimes,0.493,0.0,0.803,0.197,Mon Apr 09 16:50:07 +0000 2018,"Move over, Elsa. The most entertaining ice queen on Broadway is Regina George. https://t.co/ONSXYvF14Z",7
@nytimes,-0.557,0.173,0.827,0.0,Mon Apr 09 16:45:06 +0000 2018,RT @readercenter: Confused about the trade conflict between the U.S. and China? Tweet us your questions and we will answer some LIVE from t‚Ä¶,8
@nytimes,0.318,0.0,0.901,0.099,Mon Apr 09 16:40:06 +0000 2018,"""Perhaps for the first time in a very long time, maybe the first time ever, people are beginning to entertain the p‚Ä¶ https://t.co/LwHMBJRCRt",9
@nytimes,0.25,0.094,0.769,0.137,Mon Apr 09 16:30:05 +0000 2018,"RT @jasondhorowitz: In major document on holiness, Pope Francis, seeming to brushback conservative critics, says caring for migrants and th‚Ä¶",10
@nytimes,0.0,0.0,1.0,0.0,Mon Apr 09 16:20:07 +0000 2018,How Mark Zuckerberg is cramming for his congressional hearings https://t.co/BZaWkSmwz8,11
@nytimes,0.0,0.0,1.0,0.0,Mon Apr 09 16:10:05 +0000 2018,Uber found that people who use Jump Bikes travel about the same distance as people who use the company's app to rid‚Ä¶ https://t.co/vo7p9mA6qo,12
@nytimes,0.0,0.0,1.0,0.0,Mon Apr 09 16:06:45 +0000 2018,Breaking News: President Trump said he‚Äôll decide in the next 24 to 48 hours whether to retaliate militarily for the‚Ä¶ https://t.co/pm5f4zhHkT,13
@nytimes,0.361,0.0,0.878,0.122,Mon Apr 09 16:00:07 +0000 2018,‚ÄúSomething that started decades ago and was applauded and inoffensive is now politically incorrect. What can you do‚Ä¶ https://t.co/5ZevGIUUfN,14
@nytimes,0.0,0.0,1.0,0.0,Mon Apr 09 15:50:05 +0000 2018,The signature may be going out of style https://t.co/iQpUA90mZG,15
@nytimes,-0.67,0.243,0.757,0.0,Mon Apr 09 15:40:08 +0000 2018,The leader of ISIS in northern Afghanistan has been killed by an American airstrike https://t.co/I4KySr1aMn,16
@nytimes,0.833,0.056,0.617,0.328,Mon Apr 09 15:30:09 +0000 2018,RT @TimHerrera: Giving feedback isn‚Äôt easy! But @stephmit is in SL this week talking about how to be better ‚Äî and less biased ‚Äî at giving i‚Ä¶,17
@nytimes,-0.226,0.101,0.899,0.0,Mon Apr 09 15:20:10 +0000 2018,Gov. Rick Scott made official what Floridians have suspected for months: He's running for the U.S. Senate https://t.co/2IrL7lFd1j,18
@nytimes,0.103,0.073,0.833,0.094,Mon Apr 09 15:10:05 +0000 2018,The federal government‚Äôs top ethics official sent a letter to the EPA questioning Scott Pruitt's actions and asking‚Ä¶ https://t.co/gpwZQAbPF3,19
@nytimes,0.0,0.0,1.0,0.0,Mon Apr 09 18:00:21 +0000 2018,"President Trump ""is always speaking to a proximate audience; unlike other presidents, the speaking, not the speech,‚Ä¶ https://t.co/wImyJJ353V",20
@nytimes,0.402,0.0,0.881,0.119,Mon Apr 09 17:50:03 +0000 2018,RT @MichaelPaulson: NYC playbills from the 18th and 19th centuries will be digitized and searchable at @MuseumofCityNY with boost from @NEH‚Ä¶,21
@nytimes,0.0,0.0,1.0,0.0,Mon Apr 09 17:40:10 +0000 2018,President Trump said that he will meet with Kim Jong-un in May or early June https://t.co/c0x2DD3Qs2,22
@nytimes,-0.103,0.154,0.75,0.096,Mon Apr 09 17:30:09 +0000 2018,"‚ÄúIt was my mistake, and I‚Äôm sorry. I started Facebook, I run it, and I‚Äôm responsible for what happens here,‚Äù Mark Z‚Ä¶ https://t.co/BnvctJCv1N",23
@nytimes,0.262,0.0,0.886,0.114,Mon Apr 09 17:20:09 +0000 2018,"Cynthia Nixon: ""We built the Erie Canal! We can‚Äôt fix the subway? Are you kidding me?"" https://t.co/urfn3iJWvz",24
@nytimes,-0.296,0.091,0.909,0.0,Mon Apr 09 17:10:06 +0000 2018,RT @AllMattNYT: The Facebook app used to harvest data for Cambridge Analytica had one function: to scrape profile data. There was no ‚Äúin-ap‚Ä¶,25
@nytimes,0.0,0.0,1.0,0.0,Mon Apr 09 17:00:21 +0000 2018,Why you should get the new shingles vaccine https://t.co/xaK1AGl8up,26
@nytimes,0.493,0.0,0.803,0.197,Mon Apr 09 16:50:07 +0000 2018,"Move over, Elsa. The most entertaining ice queen on Broadway is Regina George. https://t.co/ONSXYvF14Z",27
@nytimes,-0.557,0.173,0.827,0.0,Mon Apr 09 16:45:06 +0000 2018,RT @readercenter: Confused about the trade conflict between the U.S. and China? Tweet us your questions and we will answer some LIVE from t‚Ä¶,28
@nytimes,0.318,0.0,0.901,0.099,Mon Apr 09 16:40:06 +0000 2018,"""Perhaps for the first time in a very long time, maybe the first time ever, people are beginning to entertain the p‚Ä¶ https://t.co/LwHMBJRCRt",29
@nytimes,0.25,0.094,0.769,0.137,Mon Apr 09 16:30:05 +0000 2018,"RT @jasondhorowitz: In major document on holiness, Pope Francis, seeming to brushback conservative critics, says caring for migrants and th‚Ä¶",30
@nytimes,0.0,0.0,1.0,0.0,Mon Apr 09 16:20:07 +0000 2018,How Mark Zuckerberg is cramming for his congressional hearings https://t.co/BZaWkSmwz8,31
@nytimes,0.0,0.0,1.0,0.0,Mon Apr 09 16:10:05 +0000 2018,Uber found that people who use Jump Bikes travel about the same distance as people who use the company's app to rid‚Ä¶ https://t.co/vo7p9mA6qo,32
@nytimes,0.0,0.0,1.0,0.0,Mon Apr 09 16:06:45 +0000 2018,Breaking News: President Trump said he‚Äôll decide in the next 24 to 48 hours whether to retaliate militarily for the‚Ä¶ https://t.co/pm5f4zhHkT,33
@nytimes,0.361,0.0,0.878,0.122,Mon Apr 09 16:00:07 +0000 2018,‚ÄúSomething that started decades ago and was applauded and inoffensive is now politically incorrect. What can you do‚Ä¶ https://t.co/5ZevGIUUfN,34
@nytimes,0.0,0.0,1.0,0.0,Mon Apr 09 15:50:05 +0000 2018,The signature may be going out of style https://t.co/iQpUA90mZG,35
@nytimes,-0.67,0.243,0.757,0.0,Mon Apr 09 15:40:08 +0000 2018,The leader of ISIS in northern Afghanistan has been killed by an American airstrike https://t.co/I4KySr1aMn,36
@nytimes,0.833,0.056,0.617,0.328,Mon Apr 09 15:30:09 +0000 2018,RT @TimHerrera: Giving feedback isn‚Äôt easy! But @stephmit is in SL this week talking about how to be better ‚Äî and less biased ‚Äî at giving i‚Ä¶,37
@nytimes,-0.226,0.101,0.899,0.0,Mon Apr 09 15:20:10 +0000 2018,Gov. Rick Scott made official what Floridians have suspected for months: He's running for the U.S. Senate https://t.co/2IrL7lFd1j,38
@nytimes,0.103,0.073,0.833,0.094,Mon Apr 09 15:10:05 +0000 2018,The federal government‚Äôs top ethics official sent a letter to the EPA questioning Scott Pruitt's actions and asking‚Ä¶ https://t.co/gpwZQAbPF3,39
@nytimes,0.67,0.0,0.683,0.317,Mon Apr 09 15:00:21 +0000 2018,"Combative, relentless and proudly impolitic, John Bolton has a kindred spirit of sorts in President Trump, a fellow‚Ä¶ https://t.co/rDXkTyjA3G",40
@nytimes,0.103,0.086,0.811,0.104,Mon Apr 09 14:50:03 +0000 2018,"‚ÄúGet a job,‚Äù one Chief Wahoo fan yelled, along with an expletive, at protesters at the Cleveland Indians' home open‚Ä¶ https://t.co/OGmApH1WRA",41
@nytimes,0.56,0.0,0.833,0.167,Mon Apr 09 14:40:08 +0000 2018,"RT @VVFriedman: Why that rumor about Anna Wintour leaving Vogue was so powerful, and what it could mean -  https://t.co/hnJqwO6cR6",42
@nytimes,-0.296,0.128,0.872,0.0,Mon Apr 09 14:32:06 +0000 2018,Video: Syria and Russia accused Israel of conducting aistrikes on a Syrian air base on Monday https://t.co/MxTcHGx2TG,43
@nytimes,0.0,0.0,1.0,0.0,Mon Apr 09 14:25:04 +0000 2018,"RT @chashomans: I went to some of Trump's post-election rallies, and had some thoughts about them, and wrote down those thoughts: https://t‚Ä¶",44
@nytimes,-0.34,0.149,0.766,0.086,Mon Apr 09 14:14:06 +0000 2018,Consumer groups said YouTube failed to comply with a federal law that requires companies to obtain consent from par‚Ä¶ https://t.co/VLXdNstvls,45
@nytimes,-0.875,0.44,0.56,0.0,Mon Apr 09 14:00:05 +0000 2018,"Big power tensions in the Syria conflict, already running high after an apparent chemical weapons attack, ratcheted‚Ä¶ https://t.co/JAhWKLryfR",46
@nytimes,0.691,0.0,0.678,0.322,Mon Apr 09 13:45:05 +0000 2018,"Tony Robbins, a life coach, apologized for saying women use #MeToo to gain ""significance"" https://t.co/ZEc5Hy3QpS",47
@nytimes,0.0,0.0,1.0,0.0,Mon Apr 09 13:30:07 +0000 2018,"RT @PatrickKingsley: What would happen if a far-right leader cemented power in a western state? In Viktor Orban's Hungary, it's already hap‚Ä¶",48
@nytimes,0.0,0.0,1.0,0.0,Mon Apr 09 13:20:05 +0000 2018,Video: Did these women see #MeToo coming? https://t.co/NXZ3mPD44F,49
@nytimes,-0.44,0.206,0.687,0.107,Mon Apr 09 13:11:10 +0000 2018,"Friends of the art collector who died in a fire at Trump Tower said he had been trying to move since the election,‚Ä¶ https://t.co/AADoOZvj7r",50
@nytimes,0.0,0.0,1.0,0.0,Mon Apr 09 13:00:27 +0000 2018,Morning¬†Briefing: Here's what you need to know to start your day https://t.co/z6zdDPxTPo https://t.co/fsmzE3skCk,51
@nytimes,0.0,0.0,1.0,0.0,Mon Apr 09 12:44:06 +0000 2018,The post-campaign campaign of Donald Trump https://t.co/EFmeLFLJgX https://t.co/nwpMojrmlE,52
@nytimes,-0.103,0.062,0.938,0.0,Mon Apr 09 12:30:04 +0000 2018,"When women have their first child between age 25 and 35, their pay never recovers, relative to that of their husban‚Ä¶ https://t.co/68e886x9kv",53
@nytimes,-0.772,0.295,0.705,0.0,Mon Apr 09 12:14:03 +0000 2018,European leaders' biggest fear may be that President Trump's belligerent approach to trade will destroy the postwar‚Ä¶ https://t.co/tjShh80JUo,54
@nytimes,0.026,0.139,0.717,0.143,Mon Apr 09 11:45:04 +0000 2018,"Caring for migrants and the poor is equally as holy a pursuit as opposing abortion, Pope Francis declared https://t.co/vpN7G3cWgs",55
@nytimes,-0.612,0.257,0.672,0.071,Mon Apr 09 11:30:06 +0000 2018,"RT @TheSteinLine: For the second straight season, one seriously sprained knee forced the Warriors to make the unkindest of roster cuts. My‚Ä¶",56
@nytimes,-0.382,0.223,0.625,0.152,Mon Apr 09 11:14:03 +0000 2018,"After a suspected chemical attack in Syria, President Trump said Iran and Russia were responsible for backing ""Anim‚Ä¶ https://t.co/PYq05VxVKa",57
@nytimes,0.052,0.09,0.81,0.1,Mon Apr 09 11:00:13 +0000 2018,"""At a certain point, you just have to do something,"" said a bookseller in Berlin who helped organize protests again‚Ä¶ https://t.co/KRDuQhzKMH",58
@nytimes,-0.153,0.074,0.926,0.0,Mon Apr 09 10:44:06 +0000 2018,Their data was swept up for Cambridge Analytica. Some of the first known affected Facebook users to be publicly ide‚Ä¶ https://t.co/c3xhGEDI7r,59
@nytimes,0.459,0.0,0.84,0.16,Mon Apr 09 10:31:06 +0000 2018,"RT @nytimesworld: ‚ÄúWe don‚Äôt want migrants to come to Hungary,‚Äù said an army reservist who voted for Viktor Orban‚Äôs party. ‚ÄúThey are unwilli‚Ä¶",60
@nytimes,-0.772,0.325,0.675,0.0,Mon Apr 09 10:17:02 +0000 2018,Six men suspected of plotting a possible attack on the Berlin half-marathon on Sunday were detained by the police https://t.co/kYJl4HlJs6,61
@nytimes,0.0,0.0,1.0,0.0,Mon Apr 09 10:07:07 +0000 2018,Morning¬†Briefing: Here's what you need to know to start your day https://t.co/RNNICDJiOs https://t.co/fTtErIRrGA,62
@nytimes,0.273,0.0,0.9,0.1,Mon Apr 09 10:00:19 +0000 2018,"As marijuana use has increased, ER doctors say they've been seeing a steady flow of patients with the telltale symp‚Ä¶ https://t.co/7auDlDfWBv",63
@nytimes,-0.66,0.252,0.748,0.0,Mon Apr 09 09:44:01 +0000 2018,Syria and Russia blamed Israel for early morning airstrikes on a Syrian military base that a conflict monitoring gr‚Ä¶ https://t.co/GtFjYhkZ8d,64
@nytimes,-0.7,0.266,0.734,0.0,Mon Apr 09 09:29:01 +0000 2018,"The reported chemical attack in Syria seems to have squeezed President Trump between conflicting impulses, and rais‚Ä¶ https://t.co/mRlcTrwBJA",65
@nytimes,0.527,0.0,0.815,0.185,Mon Apr 09 09:16:04 +0000 2018,"Viktor Orban, who has set about transforming Hungary from a vibrant democracy into a semi-autocratic state, appeare‚Ä¶ https://t.co/Vx2IWPCgzc",66
@nytimes,0.278,0.064,0.823,0.113,Mon Apr 09 08:59:04 +0000 2018,"Modern Love: ""I‚Äôm not sure it‚Äôs possible to justify my liaisons with married men, but what I learned from having th‚Ä¶ https://t.co/PJh6QfzZ26",67
@nytimes,0.422,0.0,0.872,0.128,Mon Apr 09 08:46:02 +0000 2018,North Korea has told the United States that Kim Jong-un is willing to discuss denuclearization of the Korean Penins‚Ä¶ https://t.co/B5jGai0g4G,68
@nytimes,0.026,0.0,0.939,0.061,Mon Apr 09 08:31:05 +0000 2018,Many people taking antidepressants are saying they cannot quit because of withdrawal symptoms they were never warne‚Ä¶ https://t.co/CeaWbLe2qw,69
@nytimes,-0.34,0.149,0.766,0.086,Mon Apr 09 08:16:06 +0000 2018,Consumer groups said YouTube failed to comply with a federal law that requires companies to obtain consent from par‚Ä¶ https://t.co/prqzE2SYC7,70
@nytimes,0.422,0.0,0.859,0.141,Mon Apr 09 07:59:03 +0000 2018,Jeff Sessions appointed a United States attorney to handle document production for an inquiry into the FBI's handli‚Ä¶ https://t.co/wlGVcDXzjw,71
@nytimes,0.0,0.0,1.0,0.0,Mon Apr 09 07:44:04 +0000 2018,"RT @nytimesworld: J√∂rg Braunsdorf will order books from some right-wing publishers at the request of customers at his Berlin bookstore, but‚Ä¶",72
@nytimes,-0.25,0.182,0.818,0.0,Mon Apr 09 07:30:15 +0000 2018,"Sri Reddy, an Indian actress, staged a topless #MeToo protest https://t.co/NUrkj4zdMZ",73
@nytimes,0.273,0.0,0.9,0.1,Mon Apr 09 07:21:00 +0000 2018,"As marijuana use has increased, ER doctors say they've been seeing a steady flow of patients with the telltale symp‚Ä¶ https://t.co/cRx05Eb2fu",74
@nytimes,-0.586,0.286,0.714,0.0,Mon Apr 09 07:04:56 +0000 2018,A look at some of the major episodes of suspected chemical attacks in Syria https://t.co/n6YplhtWrB,75
@nytimes,0.273,0.0,0.826,0.174,Mon Apr 09 06:48:38 +0000 2018,Here's how to start a fitness routine ‚Äì and stick to it https://t.co/WvY6hDtVYB,76
@nytimes,0.0,0.0,1.0,0.0,Mon Apr 09 06:32:05 +0000 2018,RT @gabrieldance: we‚Äôve talked with cambridge analytica. we‚Äôve talked w chris wylie. we‚Äôve talked with kogan about his infamous app. we‚Äôve‚Ä¶,77
@nytimes,0.612,0.0,0.792,0.208,Mon Apr 09 06:09:41 +0000 2018,"Is the doctor in? In this new medical age of urgent care centers and retail clinics, that‚Äôs not a simple question. https://t.co/AyGCxjbUTp",78
@nytimes,-0.557,0.315,0.55,0.135,Mon Apr 09 05:51:57 +0000 2018,15 Lives Devoted to Hockey: A Look at Who Died in a Crash in Canada https://t.co/FHzwWleWQ6,79
@nytimes,0.361,0.117,0.675,0.209,Mon Apr 09 05:41:01 +0000 2018,"Justice Dept., Pressured by Trump, Seeks to Speed Response to Congressional Inquiry https://t.co/khY6xcbzcN",80
@nytimes,0.599,0.0,0.754,0.246,Mon Apr 09 05:38:46 +0000 2018,"Have a craving for craving for deep, dark pools of warm chocolate, sweet pecans and fragrant coconut? https://t.co/6J9sNLn1pS",81
@nytimes,0.273,0.0,0.826,0.174,Mon Apr 09 05:22:17 +0000 2018,Here's how to start a fitness routine ‚Äì and stick to it https://t.co/4w3uf4LhhZ,82
@nytimes,-0.103,0.188,0.68,0.132,Mon Apr 09 05:04:14 +0000 2018,"Michigan will stop providing free bottled water to the city of Flint. City officials criticized the move, noting th‚Ä¶ https://t.co/FKlz64hQeR",83
@nytimes,0.026,0.0,0.939,0.061,Mon Apr 09 04:46:38 +0000 2018,Many people taking antidepressants are saying they cannot quit because of withdrawal symptoms they were never warne‚Ä¶ https://t.co/2qZnmp8U21,84
@nytimes,-0.226,0.113,0.821,0.067,Mon Apr 09 04:29:11 +0000 2018,"Once you immerse yourself in the tasty, convenient world of sheet-pan suppers, you won‚Äôt want to stop https://t.co/Zfz56ScoJu",85
@nytimes,-0.153,0.074,0.926,0.0,Mon Apr 09 04:12:01 +0000 2018,Their data was swept up for Cambridge Analytica. Some of the first known affected Facebook users to be publicly ide‚Ä¶ https://t.co/TPOpwz0ypP,86
@nytimes,0.0,0.0,1.0,0.0,Mon Apr 09 03:52:37 +0000 2018,"For Luigi Di Maio, It‚Äôs Now or Never to Lead Italy. Unless It‚Äôs Later. https://t.co/z7ZQwMG4sB",87
@nytimes,0.0,0.0,1.0,0.0,Mon Apr 09 03:48:06 +0000 2018,"NYT journalists scoured old Islamic State offices in Iraq, gathering over 15,000 pages of internal records abandone‚Ä¶ https://t.co/ITQZbJsbmK",88
@nytimes,0.325,0.0,0.896,0.104,Mon Apr 09 03:30:11 +0000 2018,RT @AllMattNYT: SCOOP: ‚ÄúYou are the product‚Äù ‚Äî @NYTimes found Facebook users whose data was harvested by Cambridge Analytica. They are the‚Ä¶,89
@nytimes,-0.44,0.26,0.606,0.134,Mon Apr 09 03:22:03 +0000 2018,Friends of Todd Brassner remember the man who died in a fire at Trump Tower on Saturday https://t.co/69sA8IQbf8,90
@nytimes,0.402,0.0,0.748,0.252,Mon Apr 09 03:09:28 +0000 2018,Pyongyang Welcomes Hundreds of Foreigners for Yearly Marathon https://t.co/HA0Qam6afq,91
@nytimes,0.612,0.0,0.792,0.208,Mon Apr 09 03:02:57 +0000 2018,"Is the doctor in? In this new medical age of urgent care centers and retail clinics, that‚Äôs not a simple question. https://t.co/zas6Z1fKBR",92
@nytimes,-0.691,0.207,0.793,0.0,Mon Apr 09 02:45:12 +0000 2018,The tiny elevator in a Brooklyn housing project will forever be tainted by the murder of a 6-year-old inside nearly‚Ä¶ https://t.co/EyJA7ZTETJ,93
@nytimes,0.0,0.0,1.0,0.0,Mon Apr 09 02:26:53 +0000 2018,"South Carolina's former first lady, Jenny Sanford, wasn‚Äôt looking to remarry after her high-profile divorce, until‚Ä¶ https://t.co/VoB54wj2x8",94
@nytimes,0.278,0.064,0.823,0.113,Mon Apr 09 02:07:29 +0000 2018,"Modern Love: ""I‚Äôm not sure it‚Äôs possible to justify my liaisons with married men, but what I learned from having th‚Ä¶ https://t.co/m9V38iZ3hx",95
@nytimes,0.422,0.0,0.797,0.203,Mon Apr 09 01:51:57 +0000 2018,Review: ‚ÄòMean Girls‚Äô Sets the Perils of Being Popular to Song https://t.co/ocyCL7g1JL,96
@nytimes,-0.103,0.188,0.68,0.132,Mon Apr 09 01:39:49 +0000 2018,"Michigan will stop providing free bottled water to the city of Flint. City officials criticized the move, noting th‚Ä¶ https://t.co/EdAuT0cJyH",97
@nytimes,0.026,0.0,0.939,0.061,Mon Apr 09 01:20:33 +0000 2018,Many people taking antidepressants are saying they cannot quit because of withdrawal symptoms they were never warne‚Ä¶ https://t.co/vBtDudBwF9,98
@nytimes,0.34,0.0,0.821,0.179,Mon Apr 09 01:03:51 +0000 2018,North Korea Said to Offer Direct Assurance It Will Discuss Denuclearization https://t.co/OB39Xfk3wD,99
